format,commodity,digit,count,observed_pct,expected_pct,residual,interpretation
X (quantity per silver),BARLEY,1,192,0.3503649635036496,0.3010299956639812,0.0493349678396684,observed more than expected
X (quantity per silver),BARLEY,2,90,0.1642335766423357,0.1760912590556812,-0.011857682413345505,observed less than expected
X (quantity per silver),BARLEY,3,57,0.1040145985401459,0.1249387366082999,-0.020924138068154005,observed less than expected
X (quantity per silver),BARLEY,4,47,0.0857664233576642,0.0969100130080564,-0.011143589650392208,observed less than expected
X (quantity per silver),BARLEY,5,44,0.0802919708029197,0.0791812460476248,0.0011107247552948896,good match (~0)
X (quantity per silver),BARLEY,6,38,0.0693430656934306,0.0669467896306132,0.002396276062817407,good match (~0)
X (quantity per silver),BARLEY,7,29,0.052919708029197,0.0579919469776867,-0.005072238948489696,observed less than expected
X (quantity per silver),BARLEY,8,28,0.0510948905109489,0.0511525224473812,-5.763193643230219e-05,good match (~0)
X (quantity per silver),BARLEY,9,23,0.041970802919708,0.0457574905606751,-0.0037866876409671027,good match (~0)
X (quantity per silver),DATES,1,161,0.3194444444444444,0.3010299956639812,0.018414448780463222,observed more than expected
X (quantity per silver),DATES,2,65,0.1289682539682539,0.1760912590556812,-0.04712300508742731,observed less than expected
X (quantity per silver),DATES,3,76,0.1507936507936507,0.1249387366082999,0.025854914185350797,observed more than expected
X (quantity per silver),DATES,4,41,0.0813492063492063,0.0969100130080564,-0.01556080665885011,observed less than expected
X (quantity per silver),DATES,5,43,0.0853174603174603,0.0791812460476248,0.006136214269835502,observed more than expected
X (quantity per silver),DATES,6,27,0.0535714285714285,0.0669467896306132,-0.013375361059184694,observed less than expected
X (quantity per silver),DATES,7,40,0.0793650793650793,0.0579919469776867,0.021373132387392607,observed more than expected
X (quantity per silver),DATES,8,33,0.0654761904761904,0.0511525224473812,0.014323668028809196,observed more than expected
X (quantity per silver),DATES,9,18,0.0357142857142857,0.0457574905606751,-0.010043204846389403,observed less than expected
X (quantity per silver),CUSCUTA,1,28,0.0848484848484848,0.3010299956639812,-0.2161815108154964,observed less than expected
X (quantity per silver),CUSCUTA,2,80,0.2424242424242424,0.1760912590556812,0.0663329833685612,observed more than expected
X (quantity per silver),CUSCUTA,3,55,0.1666666666666666,0.1249387366082999,0.0417279300583667,observed more than expected
X (quantity per silver),CUSCUTA,4,42,0.1272727272727272,0.0969100130080564,0.030362714264670798,observed more than expected
X (quantity per silver),CUSCUTA,5,30,0.0909090909090909,0.0791812460476248,0.011727844861466094,observed more than expected
X (quantity per silver),CUSCUTA,6,49,0.1484848484848485,0.0669467896306132,0.0815380588542353,observed more than expected
X (quantity per silver),CUSCUTA,7,18,0.0545454545454545,0.0579919469776867,-0.003446492432232197,good match (~0)
X (quantity per silver),CUSCUTA,8,26,0.0787878787878787,0.0511525224473812,0.027635356340497498,observed more than expected
X (quantity per silver),CUSCUTA,9,2,0.006060606060606,0.0457574905606751,-0.0396968845000691,observed less than expected
X (quantity per silver),CRESS,1,79,0.2200557103064067,0.3010299956639812,-0.0809742853575745,observed less than expected
X (quantity per silver),CRESS,2,75,0.2089136490250696,0.1760912590556812,0.03282238996938838,observed more than expected
X (quantity per silver),CRESS,3,29,0.0807799442896936,0.1249387366082999,-0.04415879231860631,observed less than expected
X (quantity per silver),CRESS,4,27,0.075208913649025,0.0969100130080564,-0.021701099359031403,observed less than expected
X (quantity per silver),CRESS,5,31,0.0863509749303621,0.0791812460476248,0.0071697288827373,observed more than expected
X (quantity per silver),CRESS,6,15,0.0417827298050139,0.0669467896306132,-0.025164059825599293,observed less than expected
X (quantity per silver),CRESS,7,45,0.1253481894150417,0.0579919469776867,0.067356242437355,observed more than expected
X (quantity per silver),CRESS,8,35,0.0974930362116991,0.0511525224473812,0.046340513764317894,observed more than expected
X (quantity per silver),CRESS,9,23,0.064066852367688,0.0457574905606751,0.018309361807012897,observed more than expected
X (quantity per silver),SESAME,1,107,0.2729591836734694,0.3010299956639812,-0.028070811990511813,observed less than expected
X (quantity per silver),SESAME,2,95,0.2423469387755102,0.1760912590556812,0.06625567971982899,observed more than expected
X (quantity per silver),SESAME,3,62,0.1581632653061224,0.1249387366082999,0.0332245286978225,observed more than expected
X (quantity per silver),SESAME,4,44,0.1122448979591836,0.0969100130080564,0.015334884951127198,observed more than expected
X (quantity per silver),SESAME,5,23,0.0586734693877551,0.0791812460476248,-0.020507776659869706,observed less than expected
X (quantity per silver),SESAME,6,9,0.0229591836734693,0.0669467896306132,-0.04398760595714389,observed less than expected
X (quantity per silver),SESAME,7,20,0.0510204081632653,0.0579919469776867,-0.006971538814421398,observed less than expected
X (quantity per silver),SESAME,8,9,0.0229591836734693,0.0511525224473812,-0.0281933387739119,observed less than expected
X (quantity per silver),SESAME,9,23,0.0586734693877551,0.0457574905606751,0.012915978827079996,observed more than expected
X (quantity per silver),WOOL,1,57,0.1686390532544378,0.3010299956639812,-0.1323909424095434,observed less than expected
X (quantity per silver),WOOL,2,61,0.1804733727810651,0.1760912590556812,0.004382113725383885,good match (~0)
X (quantity per silver),WOOL,3,68,0.2011834319526627,0.1249387366082999,0.07624469534436279,observed more than expected
X (quantity per silver),WOOL,4,77,0.2278106508875739,0.0969100130080564,0.1309006378795175,observed more than expected
X (quantity per silver),WOOL,5,39,0.1153846153846153,0.0791812460476248,0.03620336933699049,observed more than expected
X (quantity per silver),WOOL,6,6,0.0177514792899408,0.0669467896306132,-0.04919531034067239,observed less than expected
X (quantity per silver),WOOL,7,7,0.0207100591715976,0.0579919469776867,-0.0372818878060891,observed less than expected
X (quantity per silver),WOOL,8,18,0.0532544378698224,0.0511525224473812,0.002101915422441203,good match (~0)
X (quantity per silver),WOOL,9,5,0.014792899408284,0.0457574905606751,-0.0309645911523911,observed less than expected
X (quantity per silver),ALL,1,624,0.2525293403480372,0.3010299956639812,-0.048500655315944,observed less than expected
X (quantity per silver),ALL,2,466,0.188587616349656,0.1760912590556812,0.012496357293974802,observed more than expected
X (quantity per silver),ALL,3,347,0.1404289761230271,0.1249387366082999,0.015490239514727194,observed more than expected
X (quantity per silver),ALL,4,278,0.112505058680696,0.0969100130080564,0.015595045672639599,observed more than expected
X (quantity per silver),ALL,5,210,0.0849858356940509,0.0791812460476248,0.005804589646426092,observed more than expected
X (quantity per silver),ALL,6,144,0.0582760016187778,0.0669467896306132,-0.008670788011835392,observed less than expected
X (quantity per silver),ALL,7,159,0.0643464184540671,0.0579919469776867,0.006354471476380408,observed more than expected
X (quantity per silver),ALL,8,149,0.0602994738972076,0.0511525224473812,0.009146951449826399,observed more than expected
X (quantity per silver),ALL,9,94,0.0380412788344799,0.0457574905606751,-0.007716211726195202,observed less than expected
1/X (silver per quantity),BARLEY,1,162,0.2956204379562044,0.3010299956639812,-0.005409557707776791,observed less than expected
1/X (silver per quantity),BARLEY,2,80,0.145985401459854,0.1760912590556812,-0.030105857595827207,observed less than expected
1/X (silver per quantity),BARLEY,3,65,0.1186131386861313,0.1249387366082999,-0.006325597922168608,observed less than expected
1/X (silver per quantity),BARLEY,4,49,0.0894160583941605,0.0969100130080564,-0.0074939546138959034,observed less than expected
1/X (silver per quantity),BARLEY,5,27,0.0492700729927007,0.0791812460476248,-0.029911173054924106,observed less than expected
1/X (silver per quantity),BARLEY,6,51,0.0930656934306569,0.0669467896306132,0.02611890380004371,observed more than expected
1/X (silver per quantity),BARLEY,7,41,0.0748175182481751,0.0579919469776867,0.016825571270488407,observed more than expected
1/X (silver per quantity),BARLEY,8,41,0.0748175182481751,0.0511525224473812,0.023664995800793905,observed more than expected
1/X (silver per quantity),BARLEY,9,32,0.0583941605839416,0.0457574905606751,0.012636670023266496,observed more than expected
1/X (silver per quantity),DATES,1,161,0.3194444444444444,0.3010299956639812,0.018414448780463222,observed more than expected
1/X (silver per quantity),DATES,2,89,0.1765873015873016,0.1760912590556812,0.0004960425316203887,good match (~0)
1/X (silver per quantity),DATES,3,53,0.1051587301587301,0.1249387366082999,-0.0197800064495698,observed less than expected
1/X (silver per quantity),DATES,4,40,0.0793650793650793,0.0969100130080564,-0.0175449336429771,observed less than expected
1/X (silver per quantity),DATES,5,29,0.0575396825396825,0.0791812460476248,-0.021641563507942302,observed less than expected
1/X (silver per quantity),DATES,6,40,0.0793650793650793,0.0669467896306132,0.012418289734466112,observed more than expected
1/X (silver per quantity),DATES,7,33,0.0654761904761904,0.0579919469776867,0.007484243498503698,observed more than expected
1/X (silver per quantity),DATES,8,24,0.0476190476190476,0.0511525224473812,-0.003533474828333598,good match (~0)
1/X (silver per quantity),DATES,9,35,0.0694444444444444,0.0457574905606751,0.023686953883769304,observed more than expected
1/X (silver per quantity),CUSCUTA,1,125,0.3787878787878788,0.3010299956639812,0.07775788312389759,observed more than expected
1/X (silver per quantity),CUSCUTA,2,55,0.1666666666666666,0.1760912590556812,-0.009424592389014608,observed less than expected
1/X (silver per quantity),CUSCUTA,3,74,0.2242424242424242,0.1249387366082999,0.09930368763412428,observed more than expected
1/X (silver per quantity),CUSCUTA,4,48,0.1454545454545454,0.0969100130080564,0.048544532446488986,observed more than expected
1/X (silver per quantity),CUSCUTA,5,4,0.0121212121212121,0.0791812460476248,-0.0670600339264127,observed less than expected
1/X (silver per quantity),CUSCUTA,6,9,0.0272727272727272,0.0669467896306132,-0.039674062357885995,observed less than expected
1/X (silver per quantity),CUSCUTA,7,7,0.0212121212121212,0.0579919469776867,-0.0367798257655655,observed less than expected
1/X (silver per quantity),CUSCUTA,8,3,0.009090909090909,0.0511525224473812,-0.0420616133564722,observed less than expected
1/X (silver per quantity),CUSCUTA,9,5,0.0151515151515151,0.0457574905606751,-0.03060597540916,observed less than expected
1/X (silver per quantity),CRESS,1,149,0.415041782729805,0.3010299956639812,0.11401178706582382,observed more than expected
1/X (silver per quantity),CRESS,2,49,0.1364902506963788,0.1760912590556812,-0.039601008359302414,observed less than expected
1/X (silver per quantity),CRESS,3,54,0.1504178272980501,0.1249387366082999,0.025479090689750183,observed more than expected
1/X (silver per quantity),CRESS,4,28,0.0779944289693593,0.0969100130080564,-0.0189155840386971,observed less than expected
1/X (silver per quantity),CRESS,5,13,0.0362116991643454,0.0791812460476248,-0.042969546883279405,observed less than expected
1/X (silver per quantity),CRESS,6,12,0.0334261838440111,0.0669467896306132,-0.03352060578660209,observed less than expected
1/X (silver per quantity),CRESS,7,9,0.0250696378830083,0.0579919469776867,-0.0329223090946784,observed less than expected
1/X (silver per quantity),CRESS,8,21,0.0584958217270195,0.0511525224473812,0.007343299279638296,observed more than expected
1/X (silver per quantity),CRESS,9,24,0.0668523676880222,0.0457574905606751,0.021094877127347103,observed more than expected
1/X (silver per quantity),SESAME,1,84,0.2142857142857142,0.3010299956639812,-0.08674428137826701,observed less than expected
1/X (silver per quantity),SESAME,2,75,0.1913265306122449,0.1760912590556812,0.015235271556563679,observed more than expected
1/X (silver per quantity),SESAME,3,97,0.2474489795918367,0.1249387366082999,0.1225102429835368,observed more than expected
1/X (silver per quantity),SESAME,4,29,0.0739795918367346,0.0969100130080564,-0.02293042117132181,observed less than expected
1/X (silver per quantity),SESAME,5,43,0.1096938775510204,0.0791812460476248,0.0305126315033956,observed more than expected
1/X (silver per quantity),SESAME,6,19,0.048469387755102,0.0669467896306132,-0.018477401875511196,observed less than expected
1/X (silver per quantity),SESAME,7,12,0.0306122448979591,0.0579919469776867,-0.0273797020797276,observed less than expected
1/X (silver per quantity),SESAME,8,20,0.0510204081632653,0.0511525224473812,-0.0001321142841159001,good match (~0)
1/X (silver per quantity),SESAME,9,13,0.0331632653061224,0.0457574905606751,-0.012594225254552699,observed less than expected
1/X (silver per quantity),WOOL,1,75,0.2218934911242603,0.3010299956639812,-0.0791365045397209,observed less than expected
1/X (silver per quantity),WOOL,2,111,0.3284023668639053,0.1760912590556812,0.15231110780822407,observed more than expected
1/X (silver per quantity),WOOL,3,42,0.1242603550295858,0.1249387366082999,-0.0006783815787141101,good match (~0)
1/X (silver per quantity),WOOL,4,53,0.1568047337278106,0.0969100130080564,0.059894720719754185,observed more than expected
1/X (silver per quantity),WOOL,5,21,0.0621301775147929,0.0791812460476248,-0.017051068532831906,observed less than expected
1/X (silver per quantity),WOOL,6,3,0.0088757396449704,0.0669467896306132,-0.05807104998564279,observed less than expected
1/X (silver per quantity),WOOL,7,0,0.0,0.0579919469776867,-0.0579919469776867,observed less than expected
1/X (silver per quantity),WOOL,8,32,0.0946745562130177,0.0511525224473812,0.04352203376563649,observed more than expected
1/X (silver per quantity),WOOL,9,1,0.0029585798816568,0.0457574905606751,-0.0427989106790183,observed less than expected
1/X (silver per quantity),ALL,1,756,0.3059490084985836,0.3010299956639812,0.004919012834602388,good match (~0)
1/X (silver per quantity),ALL,2,459,0.1857547551598543,0.1760912590556812,0.00966349610417308,observed more than expected
1/X (silver per quantity),ALL,3,385,0.1558073654390935,0.1249387366082999,0.030868628830793582,observed more than expected
1/X (silver per quantity),ALL,4,247,0.0999595305544314,0.0969100130080564,0.0030495175463749885,good match (~0)
1/X (silver per quantity),ALL,5,137,0.0554431404289761,0.0791812460476248,-0.023738105618648704,observed less than expected
1/X (silver per quantity),ALL,6,134,0.0542290570619182,0.0669467896306132,-0.012717732568694996,observed less than expected
1/X (silver per quantity),ALL,7,102,0.0412788344799676,0.0579919469776867,-0.016713112497719097,observed less than expected
1/X (silver per quantity),ALL,8,141,0.0570619182517199,0.0511525224473812,0.005909395804338698,observed more than expected
1/X (silver per quantity),ALL,9,110,0.0445163901254552,0.0457574905606751,-0.0012411004352199037,good match (~0)
