commodity,z,P
BARLEY,-1.3302413054762796,1.0
BARLEY,-1.2906709289275504,0.998
BARLEY,-1.2827568536178047,0.996
BARLEY,-1.266928702998313,0.994
BARLEY,-1.2431864770690757,0.992
BARLEY,-1.2431864770690757,0.99
BARLEY,-1.2431864770690757,0.988
BARLEY,-1.2431864770690757,0.986
BARLEY,-1.1957020252106008,0.984
BARLEY,-1.1957020252106008,0.982
BARLEY,-1.1957020252106008,0.98
BARLEY,-1.1957020252106008,0.978
BARLEY,-1.1957020252106008,0.976
BARLEY,-1.179873874591109,0.974
BARLEY,-1.179873874591109,0.972
BARLEY,-1.1719597992813633,0.97
BARLEY,-1.1719597992813633,0.968
BARLEY,-1.1640457239716175,0.966
BARLEY,-1.1561316486618716,0.964
BARLEY,-1.1482175733521258,0.962
BARLEY,-1.1323894227326343,0.96
BARLEY,-1.100733121493651,0.958
BARLEY,-1.100733121493651,0.956
BARLEY,-1.0849049708741594,0.954
BARLEY,-1.0690768202546677,0.952
BARLEY,-1.0690768202546677,0.95
BARLEY,-1.0690768202546677,0.948
BARLEY,-1.0690768202546677,0.946
BARLEY,-1.061162744944922,0.944
BARLEY,-1.061162744944922,0.942
BARLEY,-1.061162744944922,0.94
BARLEY,-1.0295064437059387,0.938
BARLEY,-1.0295064437059387,0.936
BARLEY,-1.0057642177767012,0.934
BARLEY,-1.0057642177767012,0.932
BARLEY,-1.0057642177767012,0.93
BARLEY,-1.0057642177767012,0.928
BARLEY,-1.0057642177767012,0.926
BARLEY,-1.0057642177767012,0.924
BARLEY,-1.0057642177767012,0.922
BARLEY,-0.9899360671572096,0.92
BARLEY,-0.9780649541925909,0.918
BARLEY,-0.9780649541925909,0.916
BARLEY,-0.974107916537718,0.914
BARLEY,-0.974107916537718,0.912
BARLEY,-0.9661938412279722,0.91
BARLEY,-0.9582797659182264,0.908
BARLEY,-0.9582797659182264,0.906
BARLEY,-0.9582797659182264,0.904
BARLEY,-0.9582797659182264,0.902
BARLEY,-0.9582797659182264,0.9
BARLEY,-0.9582797659182264,0.898
BARLEY,-0.9503656906084806,0.896
BARLEY,-0.9424516152987348,0.894
BARLEY,-0.9424516152987348,0.892
BARLEY,-0.9424516152987348,0.89
BARLEY,-0.9424516152987348,0.888
BARLEY,-0.9345375399889889,0.886
BARLEY,-0.9345375399889889,0.884
BARLEY,-0.930580502334116,0.882
BARLEY,-0.9266234646792432,0.88
BARLEY,-0.9107953140597516,0.878
BARLEY,-0.9107953140597516,0.876
BARLEY,-0.9107953140597516,0.874
BARLEY,-0.9107953140597516,0.872
BARLEY,-0.9107953140597516,0.87
BARLEY,-0.9107953140597516,0.868
BARLEY,-0.9107953140597516,0.866
BARLEY,-0.9107953140597516,0.864
BARLEY,-0.9107953140597516,0.862
BARLEY,-0.9107953140597516,0.86
BARLEY,-0.9107953140597516,0.858
BARLEY,-0.9107953140597516,0.856
BARLEY,-0.9107953140597516,0.854
BARLEY,-0.9107953140597516,0.852
BARLEY,-0.9107953140597516,0.85
BARLEY,-0.9107953140597516,0.848
BARLEY,-0.89496716344026,0.846
BARLEY,-0.891010125785387,0.844
BARLEY,-0.891010125785387,0.842
BARLEY,-0.8870530881305141,0.84
BARLEY,-0.8870530881305141,0.838
BARLEY,-0.8791390128207683,0.836
BARLEY,-0.8791390128207683,0.834
BARLEY,-0.8791390128207683,0.832
BARLEY,-0.8791390128207683,0.83
BARLEY,-0.8712249375110225,0.828
BARLEY,-0.8672678998561496,0.826
BARLEY,-0.8633108622012766,0.824
BARLEY,-0.8633108622012766,0.822
BARLEY,-0.8633108622012766,0.82
BARLEY,-0.8633108622012766,0.818
BARLEY,-0.8633108622012766,0.816
BARLEY,-0.8633108622012766,0.814
BARLEY,-0.8633108622012766,0.812
BARLEY,-0.8593538245464037,0.81
BARLEY,-0.8455041927543486,0.808
BARLEY,-0.8158264103428018,0.806
BARLEY,-0.8158264103428018,0.804
BARLEY,-0.8158264103428018,0.802
BARLEY,-0.8158264103428018,0.8
BARLEY,-0.8158264103428018,0.798
BARLEY,-0.8158264103428018,0.796
BARLEY,-0.8158264103428018,0.794
BARLEY,-0.8158264103428018,0.792
BARLEY,-0.8158264103428018,0.79
BARLEY,-0.8158264103428018,0.788
BARLEY,-0.8158264103428018,0.786
BARLEY,-0.8158264103428018,0.784
BARLEY,-0.8158264103428018,0.782
BARLEY,-0.8158264103428018,0.78
BARLEY,-0.8158264103428018,0.778
BARLEY,-0.8158264103428018,0.776
BARLEY,-0.7999982597233102,0.774
BARLEY,-0.786148627931255,0.772
BARLEY,-0.7703204773117633,0.77
BARLEY,-0.768341958484327,0.768
BARLEY,-0.768341958484327,0.766
BARLEY,-0.768341958484327,0.764
BARLEY,-0.768341958484327,0.762
BARLEY,-0.768341958484327,0.76
BARLEY,-0.768341958484327,0.758
BARLEY,-0.768341958484327,0.756
BARLEY,-0.768341958484327,0.754
BARLEY,-0.7525138078648353,0.752
BARLEY,-0.7525138078648353,0.75
BARLEY,-0.7525138078648353,0.748
BARLEY,-0.7525138078648353,0.746
BARLEY,-0.7525138078648353,0.744
BARLEY,-0.7525138078648353,0.742
BARLEY,-0.7525138078648353,0.74
BARLEY,-0.7525138078648353,0.738
BARLEY,-0.7525138078648353,0.736
BARLEY,-0.7525138078648353,0.734
BARLEY,-0.7525138078648353,0.732
BARLEY,-0.720857506625852,0.73
BARLEY,-0.720857506625852,0.728
BARLEY,-0.720857506625852,0.726
BARLEY,-0.720857506625852,0.724
BARLEY,-0.720857506625852,0.722
BARLEY,-0.720857506625852,0.72
BARLEY,-0.720857506625852,0.718
BARLEY,-0.720857506625852,0.716
BARLEY,-0.720857506625852,0.714
BARLEY,-0.720857506625852,0.712
BARLEY,-0.7050293560063604,0.71
BARLEY,-0.6971152806966147,0.708
BARLEY,-0.6971152806966147,0.706
BARLEY,-0.6892012053868688,0.704
BARLEY,-0.6892012053868688,0.702
BARLEY,-0.6892012053868688,0.7
BARLEY,-0.6892012053868688,0.698
BARLEY,-0.6733730547673772,0.696
BARLEY,-0.6733730547673772,0.694
BARLEY,-0.6733730547673772,0.692
BARLEY,-0.6733730547673772,0.69
BARLEY,-0.6733730547673772,0.688
BARLEY,-0.6733730547673772,0.686
BARLEY,-0.6575449041478856,0.684
BARLEY,-0.6575449041478856,0.682
BARLEY,-0.6575449041478856,0.68
BARLEY,-0.6258886029089024,0.678
BARLEY,-0.6258886029089024,0.676
BARLEY,-0.6258886029089024,0.674
BARLEY,-0.6258886029089024,0.672
BARLEY,-0.6258886029089024,0.67
BARLEY,-0.6258886029089024,0.668
BARLEY,-0.6258886029089024,0.666
BARLEY,-0.6258886029089024,0.664
BARLEY,-0.6258886029089024,0.662
BARLEY,-0.6258886029089024,0.66
BARLEY,-0.6258886029089024,0.658
BARLEY,-0.6219315652540294,0.656
BARLEY,-0.594232301669919,0.654
BARLEY,-0.594232301669919,0.652
BARLEY,-0.5784041510504274,0.65
BARLEY,-0.5784041510504274,0.648
BARLEY,-0.5784041510504274,0.646
BARLEY,-0.5784041510504274,0.644
BARLEY,-0.5784041510504274,0.642
BARLEY,-0.5784041510504274,0.64
BARLEY,-0.5784041510504274,0.638
BARLEY,-0.5625760004309358,0.636
BARLEY,-0.5625760004309358,0.634
BARLEY,-0.5625760004309358,0.632
BARLEY,-0.5586189627760629,0.63
BARLEY,-0.5546619251211901,0.628
BARLEY,-0.5546619251211901,0.626
BARLEY,-0.5546619251211901,0.624
BARLEY,-0.5546619251211901,0.622
BARLEY,-0.5546619251211901,0.62
BARLEY,-0.5309196991919526,0.618
BARLEY,-0.5309196991919526,0.616
BARLEY,-0.5309196991919526,0.614
BARLEY,-0.5309196991919526,0.612
BARLEY,-0.5309196991919526,0.61
BARLEY,-0.5309196991919526,0.608
BARLEY,-0.5309196991919526,0.606
BARLEY,-0.5309196991919526,0.604
BARLEY,-0.5309196991919526,0.602
BARLEY,-0.5309196991919526,0.6
BARLEY,-0.5309196991919526,0.598
BARLEY,-0.5309196991919526,0.596
BARLEY,-0.515091548572461,0.594
BARLEY,-0.49926339795296937,0.592
BARLEY,-0.4913493226432235,0.59
BARLEY,-0.4834352473334777,0.588
BARLEY,-0.4834352473334777,0.586
BARLEY,-0.4676070967139861,0.584
BARLEY,-0.4359507954750029,0.582
BARLEY,-0.4359507954750029,0.58
BARLEY,-0.4359507954750029,0.578
BARLEY,-0.4359507954750029,0.576
BARLEY,-0.4359507954750029,0.574
BARLEY,-0.4359507954750029,0.572
BARLEY,-0.4359507954750029,0.57
BARLEY,-0.4359507954750029,0.568
BARLEY,-0.4359507954750029,0.566
BARLEY,-0.4359507954750029,0.564
BARLEY,-0.4359507954750029,0.562
BARLEY,-0.4201226448555112,0.56
BARLEY,-0.4042944942360196,0.558
BARLEY,-0.388466343616528,0.556
BARLEY,-0.388466343616528,0.554
BARLEY,-0.388466343616528,0.552
BARLEY,-0.388466343616528,0.55
BARLEY,-0.388466343616528,0.548
BARLEY,-0.37659523065190925,0.546
BARLEY,-0.3726381929970364,0.544
BARLEY,-0.35681004237754477,0.542
BARLEY,-0.3409818917580531,0.54
BARLEY,-0.3409818917580531,0.538
BARLEY,-0.3409818917580531,0.536
BARLEY,-0.3409818917580531,0.534
BARLEY,-0.3409818917580531,0.532
BARLEY,-0.3409818917580531,0.53
BARLEY,-0.3172396658288157,0.528
BARLEY,-0.3172396658288157,0.526
BARLEY,-0.3172396658288157,0.524
BARLEY,-0.29349743989957827,0.522
BARLEY,-0.29349743989957827,0.52
BARLEY,-0.29349743989957827,0.518
BARLEY,-0.2460129880411034,0.516
BARLEY,-0.2460129880411034,0.514
BARLEY,-0.2460129880411034,0.512
BARLEY,-0.2460129880411034,0.51
BARLEY,-0.2460129880411034,0.508
BARLEY,-0.2460129880411034,0.506
BARLEY,-0.2460129880411034,0.504
BARLEY,-0.2460129880411034,0.502
BARLEY,-0.2460129880411034,0.5
BARLEY,-0.2460129880411034,0.498
BARLEY,-0.2460129880411034,0.496
BARLEY,-0.2460129880411034,0.494
BARLEY,-0.2460129880411034,0.492
BARLEY,-0.2460129880411034,0.49
BARLEY,-0.19852853618262853,0.488
BARLEY,-0.19852853618262853,0.486
BARLEY,-0.19852853618262853,0.484
BARLEY,-0.19852853618262853,0.482
BARLEY,-0.19852853618262853,0.48
BARLEY,-0.16687223494364528,0.478
BARLEY,-0.16687223494364528,0.476
BARLEY,-0.15104408432415364,0.474
BARLEY,-0.15104408432415364,0.472
BARLEY,-0.15104408432415364,0.47
BARLEY,-0.15104408432415364,0.468
BARLEY,-0.15104408432415364,0.466
BARLEY,-0.15104408432415364,0.464
BARLEY,-0.15104408432415364,0.462
BARLEY,-0.11938778308517041,0.46
BARLEY,-0.10355963246567879,0.458
BARLEY,-0.10355963246567879,0.456
BARLEY,-0.10355963246567879,0.454
BARLEY,-0.10355963246567879,0.452
BARLEY,-0.10355963246567879,0.45
BARLEY,-0.056075180607203914,0.448
BARLEY,-0.056075180607203914,0.446
BARLEY,-0.056075180607203914,0.444
BARLEY,-0.056075180607203914,0.442
BARLEY,-0.056075180607203914,0.44
BARLEY,-0.056075180607203914,0.438
BARLEY,-0.056075180607203914,0.436
BARLEY,-0.056075180607203914,0.434
BARLEY,-0.008590728748729048,0.432
BARLEY,0.007237421870762575,0.43
BARLEY,0.03889372310974582,0.428
BARLEY,0.03889372310974582,0.426
BARLEY,0.03889372310974582,0.424
BARLEY,0.03889372310974582,0.422
BARLEY,0.03889372310974582,0.42
BARLEY,0.03889372310974582,0.418
BARLEY,0.03889372310974582,0.416
BARLEY,0.03889372310974582,0.414
BARLEY,0.03889372310974582,0.412
BARLEY,0.03889372310974582,0.41
BARLEY,0.03889372310974582,0.408
BARLEY,0.03889372310974582,0.406
BARLEY,0.03889372310974582,0.404
BARLEY,0.03889372310974582,0.402
BARLEY,0.03889372310974582,0.4
BARLEY,0.08637817496822069,0.398
BARLEY,0.08637817496822069,0.396
BARLEY,0.08637817496822069,0.394
BARLEY,0.13386262682669556,0.392
BARLEY,0.13386262682669556,0.39
BARLEY,0.13386262682669556,0.388
BARLEY,0.13386262682669556,0.386
BARLEY,0.13386262682669556,0.384
BARLEY,0.13386262682669556,0.382
BARLEY,0.13386262682669556,0.38
BARLEY,0.13386262682669556,0.378
BARLEY,0.13386262682669556,0.376
BARLEY,0.13386262682669556,0.374
BARLEY,0.13386262682669556,0.372
BARLEY,0.13386262682669556,0.37
BARLEY,0.13386262682669556,0.368
BARLEY,0.13386262682669556,0.366
BARLEY,0.1655189280656788,0.364
BARLEY,0.18134707868517042,0.362
BARLEY,0.18134707868517042,0.36
BARLEY,0.18134707868517042,0.358
BARLEY,0.18134707868517042,0.356
BARLEY,0.18134707868517042,0.354
BARLEY,0.18134707868517042,0.352
BARLEY,0.18134707868517042,0.35
BARLEY,0.2288315305436453,0.348
BARLEY,0.2288315305436453,0.346
BARLEY,0.2288315305436453,0.344
BARLEY,0.2288315305436453,0.342
BARLEY,0.2288315305436453,0.34
BARLEY,0.2288315305436453,0.338
BARLEY,0.2288315305436453,0.336
BARLEY,0.2288315305436453,0.334
BARLEY,0.2288315305436453,0.332
BARLEY,0.2288315305436453,0.33
BARLEY,0.2288315305436453,0.328
BARLEY,0.2288315305436453,0.326
BARLEY,0.2288315305436453,0.324
BARLEY,0.2288315305436453,0.322
BARLEY,0.2288315305436453,0.32
BARLEY,0.2446596811631369,0.318
BARLEY,0.27631598240212013,0.316
BARLEY,0.27631598240212013,0.314
BARLEY,0.323800434260595,0.312
BARLEY,0.323800434260595,0.31
BARLEY,0.323800434260595,0.308
BARLEY,0.323800434260595,0.306
BARLEY,0.323800434260595,0.304
BARLEY,0.323800434260595,0.302
BARLEY,0.323800434260595,0.3
BARLEY,0.323800434260595,0.298
BARLEY,0.323800434260595,0.296
BARLEY,0.323800434260595,0.294
BARLEY,0.323800434260595,0.292
BARLEY,0.323800434260595,0.29
BARLEY,0.323800434260595,0.288
BARLEY,0.323800434260595,0.286
BARLEY,0.323800434260595,0.284
BARLEY,0.4187693379775448,0.282
BARLEY,0.4187693379775448,0.28
BARLEY,0.4187693379775448,0.278
BARLEY,0.4187693379775448,0.276
BARLEY,0.4187693379775448,0.274
BARLEY,0.4187693379775448,0.272
BARLEY,0.4187693379775448,0.27
BARLEY,0.4187693379775448,0.268
BARLEY,0.4187693379775448,0.266
BARLEY,0.4187693379775448,0.264
BARLEY,0.4187693379775448,0.262
BARLEY,0.4187693379775448,0.26
BARLEY,0.4662537898360196,0.258
BARLEY,0.4662537898360196,0.256
BARLEY,0.4662537898360196,0.254
BARLEY,0.5137382416944944,0.252
BARLEY,0.5137382416944944,0.25
BARLEY,0.5137382416944944,0.248
BARLEY,0.5137382416944944,0.246
BARLEY,0.5137382416944944,0.244
BARLEY,0.5137382416944944,0.242
BARLEY,0.5137382416944944,0.24
BARLEY,0.5137382416944944,0.238
BARLEY,0.5137382416944944,0.236
BARLEY,0.5137382416944944,0.234
BARLEY,0.5137382416944944,0.232
BARLEY,0.5137382416944944,0.23
BARLEY,0.5137382416944944,0.228
BARLEY,0.5137382416944944,0.226
BARLEY,0.5137382416944944,0.224
BARLEY,0.5137382416944944,0.222
BARLEY,0.5137382416944944,0.22
BARLEY,0.5137382416944944,0.218
BARLEY,0.5137382416944944,0.216
BARLEY,0.5137382416944944,0.214
BARLEY,0.5137382416944944,0.212
BARLEY,0.5137382416944944,0.21
BARLEY,0.5374804676237319,0.208
BARLEY,0.5612226935529694,0.206
BARLEY,0.5612226935529694,0.204
BARLEY,0.5612226935529694,0.202
BARLEY,0.6087071454114442,0.2
BARLEY,0.6087071454114442,0.198
BARLEY,0.6087071454114442,0.196
BARLEY,0.6087071454114442,0.194
BARLEY,0.656191597269919,0.192
BARLEY,0.703676049128394,0.19
BARLEY,0.703676049128394,0.188
BARLEY,0.703676049128394,0.186
BARLEY,0.703676049128394,0.184
BARLEY,0.703676049128394,0.182
BARLEY,0.703676049128394,0.18
BARLEY,0.703676049128394,0.178
BARLEY,0.703676049128394,0.176
BARLEY,0.703676049128394,0.174
BARLEY,0.703676049128394,0.172
BARLEY,0.7511605009868688,0.17
BARLEY,0.7511605009868688,0.168
BARLEY,0.7511605009868688,0.166
BARLEY,0.7511605009868688,0.164
BARLEY,0.7986449528453436,0.162
BARLEY,0.7986449528453436,0.16
BARLEY,0.8936138565622934,0.158
BARLEY,0.8936138565622934,0.156
BARLEY,0.8936138565622934,0.154
BARLEY,0.8936138565622934,0.152
BARLEY,0.8936138565622934,0.15
BARLEY,0.8936138565622934,0.148
BARLEY,0.9885827602792432,0.146
BARLEY,0.9885827602792432,0.144
BARLEY,0.9885827602792432,0.142
BARLEY,0.9885827602792432,0.14
BARLEY,0.9885827602792432,0.138
BARLEY,0.9885827602792432,0.136
BARLEY,0.9885827602792432,0.134
BARLEY,1.0835516639961928,0.132
BARLEY,1.0835516639961928,0.13
BARLEY,1.0835516639961928,0.128
BARLEY,1.0835516639961928,0.126
BARLEY,1.0835516639961928,0.124
BARLEY,1.2260050195716174,0.122
BARLEY,1.2734894714300924,0.12
BARLEY,1.2734894714300924,0.118
BARLEY,1.2734894714300924,0.116
BARLEY,1.2734894714300924,0.114
BARLEY,1.2734894714300924,0.112
BARLEY,1.2734894714300924,0.11
BARLEY,1.368458375147042,0.108
BARLEY,1.368458375147042,0.106
BARLEY,1.368458375147042,0.104
BARLEY,1.463427278863992,0.102
BARLEY,1.463427278863992,0.1
BARLEY,1.463427278863992,0.098
BARLEY,1.463427278863992,0.096
BARLEY,1.463427278863992,0.094
BARLEY,1.463427278863992,0.092
BARLEY,1.463427278863992,0.09
BARLEY,1.463427278863992,0.088
BARLEY,1.463427278863992,0.086
BARLEY,1.463427278863992,0.084
BARLEY,1.463427278863992,0.082
BARLEY,1.7483339900148411,0.08
BARLEY,1.7483339900148411,0.078
BARLEY,1.7483339900148411,0.076
BARLEY,1.7483339900148411,0.074
BARLEY,1.7483339900148411,0.072
BARLEY,1.8116465924928076,0.07
BARLEY,1.8433028937317908,0.068
BARLEY,1.8433028937317908,0.066
BARLEY,1.9382717974487405,0.064
BARLEY,1.9382717974487405,0.062
BARLEY,1.9382717974487405,0.06
BARLEY,1.9382717974487405,0.058
BARLEY,1.9382717974487405,0.056
BARLEY,2.03324070116569,0.054
BARLEY,2.03324070116569,0.052
BARLEY,2.03324070116569,0.05
BARLEY,2.03324070116569,0.048
BARLEY,2.03324070116569,0.046
BARLEY,2.03324070116569,0.044
BARLEY,2.1282096048826395,0.042
BARLEY,2.1756940567411145,0.04
BARLEY,2.1756940567411145,0.038
BARLEY,2.1756940567411145,0.036
BARLEY,2.1756940567411145,0.034
BARLEY,2.3656318641750143,0.032
BARLEY,2.4131163160334888,0.03
BARLEY,2.4131163160334888,0.028
BARLEY,2.4131163160334888,0.026
BARLEY,2.5080852197504386,0.024
BARLEY,2.6030541234673885,0.022
BARLEY,2.6980230271843384,0.02
BARLEY,2.792991930901288,0.018
BARLEY,2.8879608346182377,0.016
BARLEY,2.8879608346182377,0.014
BARLEY,2.8879608346182377,0.012
BARLEY,3.172867545769087,0.01
BARLEY,4.217525486655534,0.008
BARLEY,4.5024321978063835,0.006
BARLEY,4.605315176833079,0.004
BARLEY,4.787338908957232,0.002
DATES,-1.126416251175005,1.0
DATES,-1.126416251175005,0.9976635514018691
DATES,-1.1095977267713917,0.9953271028037384
DATES,-1.0927792023677783,0.9929906542056075
DATES,-1.0927792023677783,0.9906542056074766
DATES,-1.0843699401659717,0.9883177570093458
DATES,-1.075960677964165,0.985981308411215
DATES,-1.0717560468632616,0.9836448598130841
DATES,-1.050732891358745,0.9813084112149533
DATES,-1.050732891358745,0.9789719626168224
DATES,-1.0465282602578416,0.9766355140186916
DATES,-1.0339143669551316,0.9742990654205608
DATES,-1.0339143669551316,0.9719626168224299
DATES,-1.0339143669551316,0.969626168224299
DATES,-1.0339143669551316,0.9672897196261683
DATES,-1.01919815810197,0.9649532710280374
DATES,-1.0170958425515184,0.9626168224299065
DATES,-1.0086865803497116,0.9602803738317757
DATES,-0.9960726870470016,0.9579439252336449
DATES,-0.9918680559460983,0.955607476635514
DATES,-0.9834587937442916,0.9532710280373832
DATES,-0.9834587937442916,0.9509345794392523
DATES,-0.9708449004415816,0.9485981308411215
DATES,-0.9603333226893233,0.9462616822429907
DATES,-0.9582310071388717,0.9439252336448598
DATES,-0.95612869158842,0.9415887850467289
DATES,-0.9519240604875167,0.9392523364485982
DATES,-0.9477194293866132,0.9369158878504673
DATES,-0.9330032205334516,0.9345794392523364
DATES,-0.9330032205334516,0.9322429906542056
DATES,-0.9330032205334516,0.9299065420560748
DATES,-0.9330032205334516,0.927570093457944
DATES,-0.9330032205334516,0.9252336448598131
DATES,-0.9330032205334516,0.9228971962616822
DATES,-0.9203893272307416,0.9205607476635514
DATES,-0.9077754339280316,0.9182242990654206
DATES,-0.9077754339280316,0.9158878504672897
DATES,-0.9077754339280316,0.9135514018691588
DATES,-0.8993661717262249,0.9112149532710281
DATES,-0.8993661717262249,0.9088785046728972
DATES,-0.8993661717262249,0.9065420560747663
DATES,-0.8867522784235149,0.9042056074766355
DATES,-0.8867522784235149,0.9018691588785047
DATES,-0.8867522784235149,0.8995327102803738
DATES,-0.8825476473226116,0.897196261682243
DATES,-0.8825476473226116,0.8948598130841121
DATES,-0.8825476473226116,0.8925233644859814
DATES,-0.8825476473226116,0.8901869158878505
DATES,-0.8825476473226116,0.8878504672897196
DATES,-0.8825476473226116,0.8855140186915887
DATES,-0.8783430162217082,0.883177570093458
DATES,-0.8741383851208049,0.8808411214953271
DATES,-0.8657291229189982,0.8785046728971962
DATES,-0.8573198607171916,0.8761682242990654
DATES,-0.8573198607171916,0.8738317757009346
DATES,-0.8573198607171916,0.8714953271028038
DATES,-0.8573198607171916,0.8691588785046729
DATES,-0.8573198607171916,0.866822429906542
DATES,-0.8573198607171916,0.8644859813084113
DATES,-0.8573198607171916,0.8621495327102804
DATES,-0.8531152296162883,0.8598130841121495
DATES,-0.8489105985153849,0.8574766355140186
DATES,-0.8489105985153849,0.8551401869158879
DATES,-0.8489105985153849,0.852803738317757
DATES,-0.8489105985153849,0.8504672897196262
DATES,-0.8447059674144816,0.8481308411214953
DATES,-0.8436548096392558,0.8457943925233645
DATES,-0.8320920741117716,0.8434579439252337
DATES,-0.8320920741117716,0.8411214953271028
DATES,-0.8320920741117716,0.8387850467289719
DATES,-0.8320920741117716,0.8364485981308412
DATES,-0.8320920741117716,0.8341121495327103
DATES,-0.8236828119099648,0.8317757009345794
DATES,-0.8236828119099648,0.8294392523364486
DATES,-0.8194781808090615,0.8271028037383178
DATES,-0.8194781808090615,0.8247663551401869
DATES,-0.8194781808090615,0.822429906542056
DATES,-0.8152735497081582,0.8200934579439252
DATES,-0.8110689186072548,0.8177570093457944
DATES,-0.8068642875063515,0.8154205607476636
DATES,-0.8068642875063515,0.8130841121495327
DATES,-0.8068642875063515,0.8107476635514018
DATES,-0.8068642875063515,0.8084112149532711
DATES,-0.8068642875063515,0.8060747663551402
DATES,-0.8068642875063515,0.8037383177570093
DATES,-0.8068642875063515,0.8014018691588785
DATES,-0.8026596564054482,0.7990654205607477
DATES,-0.8026596564054482,0.7967289719626168
DATES,-0.8026596564054482,0.794392523364486
DATES,-0.8026596564054482,0.7920560747663551
DATES,-0.8026596564054482,0.7897196261682243
DATES,-0.8026596564054482,0.7873831775700935
DATES,-0.7984550253045448,0.7850467289719626
DATES,-0.7942503942036415,0.7827102803738317
DATES,-0.7942503942036415,0.780373831775701
DATES,-0.7816365009009315,0.7780373831775701
DATES,-0.7816365009009315,0.7757009345794392
DATES,-0.7816365009009315,0.7733644859813084
DATES,-0.7816365009009315,0.7710280373831776
DATES,-0.7816365009009315,0.7686915887850467
DATES,-0.7690226075982215,0.7663551401869159
DATES,-0.7690226075982215,0.764018691588785
DATES,-0.7648179764973182,0.7616822429906542
DATES,-0.7606133453964148,0.7593457943925234
DATES,-0.7564087142955115,0.7570093457943925
DATES,-0.7564087142955115,0.7546728971962616
DATES,-0.7564087142955115,0.7523364485981309
DATES,-0.7311809276900915,0.75
DATES,-0.7311809276900915,0.7476635514018691
DATES,-0.7311809276900915,0.7453271028037384
DATES,-0.7311809276900915,0.7429906542056075
DATES,-0.7311809276900915,0.7406542056074766
DATES,-0.7311809276900915,0.7383177570093458
DATES,-0.7311809276900915,0.735981308411215
DATES,-0.7311809276900915,0.7336448598130841
DATES,-0.7311809276900915,0.7313084112149533
DATES,-0.7311809276900915,0.7289719626168224
DATES,-0.7311809276900915,0.7266355140186916
DATES,-0.7311809276900915,0.7242990654205608
DATES,-0.7311809276900915,0.7219626168224299
DATES,-0.7311809276900915,0.719626168224299
DATES,-0.7311809276900915,0.7172897196261683
DATES,-0.7311809276900915,0.7149532710280374
DATES,-0.7311809276900915,0.7126168224299065
DATES,-0.7227716654882849,0.7102803738317757
DATES,-0.7059531410846714,0.7079439252336449
DATES,-0.7059531410846714,0.705607476635514
DATES,-0.7059531410846714,0.7032710280373832
DATES,-0.7059531410846714,0.7009345794392523
DATES,-0.7059531410846714,0.6985981308411215
DATES,-0.6975438788828648,0.6962616822429907
DATES,-0.6975438788828648,0.6939252336448598
DATES,-0.6807253544792514,0.6915887850467289
DATES,-0.6807253544792514,0.6892523364485982
DATES,-0.6807253544792514,0.6869158878504673
DATES,-0.6807253544792514,0.6845794392523364
DATES,-0.6807253544792514,0.6822429906542056
DATES,-0.6807253544792514,0.6799065420560748
DATES,-0.6807253544792514,0.677570093457944
DATES,-0.6807253544792514,0.6752336448598131
DATES,-0.6807253544792514,0.6728971962616822
DATES,-0.6807253544792514,0.6705607476635514
DATES,-0.6681114611765414,0.6682242990654206
DATES,-0.6554975678738314,0.6658878504672897
DATES,-0.6302697812684115,0.6635514018691588
DATES,-0.6302697812684115,0.6612149532710281
DATES,-0.6302697812684115,0.6588785046728972
DATES,-0.6302697812684115,0.6565420560747663
DATES,-0.6302697812684115,0.6542056074766355
DATES,-0.6302697812684115,0.6518691588785047
DATES,-0.6302697812684115,0.6495327102803738
DATES,-0.6302697812684115,0.647196261682243
DATES,-0.6302697812684115,0.6448598130841121
DATES,-0.6302697812684115,0.6425233644859814
DATES,-0.6302697812684115,0.6401869158878505
DATES,-0.6302697812684115,0.6378504672897196
DATES,-0.6302697812684115,0.6355140186915887
DATES,-0.6302697812684115,0.633177570093458
DATES,-0.6302697812684115,0.6308411214953271
DATES,-0.6302697812684115,0.6285046728971962
DATES,-0.6302697812684115,0.6261682242990654
DATES,-0.6050419946629915,0.6238317757009346
DATES,-0.6050419946629915,0.6214953271028038
DATES,-0.6050419946629915,0.6191588785046729
DATES,-0.6050419946629915,0.616822429906542
DATES,-0.5798142080575714,0.6144859813084113
DATES,-0.5798142080575714,0.6121495327102804
DATES,-0.5798142080575714,0.6098130841121495
DATES,-0.5798142080575714,0.6074766355140186
DATES,-0.5798142080575714,0.6051401869158879
DATES,-0.5798142080575714,0.602803738317757
DATES,-0.562995683653958,0.6004672897196262
DATES,-0.5545864214521514,0.5981308411214953
DATES,-0.5545864214521514,0.5957943925233645
DATES,-0.5545864214521514,0.5934579439252337
DATES,-0.5545864214521514,0.5911214953271028
DATES,-0.5545864214521514,0.5887850467289719
DATES,-0.5545864214521514,0.5864485981308412
DATES,-0.5419725281494414,0.5841121495327103
DATES,-0.5293586348467314,0.5817757009345794
DATES,-0.5293586348467314,0.5794392523364486
DATES,-0.5293586348467314,0.5771028037383178
DATES,-0.5293586348467314,0.5747663551401869
DATES,-0.5293586348467314,0.572429906542056
DATES,-0.5293586348467314,0.5700934579439252
DATES,-0.5293586348467314,0.5677570093457944
DATES,-0.5209493726449247,0.5654205607476636
DATES,-0.5041308482413114,0.5630841121495327
DATES,-0.5041308482413114,0.5607476635514018
DATES,-0.5041308482413114,0.5584112149532711
DATES,-0.5041308482413114,0.5560747663551402
DATES,-0.5041308482413114,0.5537383177570093
DATES,-0.5041308482413114,0.5514018691588785
DATES,-0.5041308482413114,0.5490654205607477
DATES,-0.47890306163589136,0.5467289719626168
DATES,-0.47890306163589136,0.544392523364486
DATES,-0.47890306163589136,0.5420560747663551
DATES,-0.47890306163589136,0.5397196261682243
DATES,-0.47890306163589136,0.5373831775700935
DATES,-0.47890306163589136,0.5350467289719626
DATES,-0.47890306163589136,0.5327102803738317
DATES,-0.47890306163589136,0.530373831775701
DATES,-0.47890306163589136,0.5280373831775701
DATES,-0.47890306163589136,0.5257009345794392
DATES,-0.47890306163589136,0.5233644859813084
DATES,-0.47890306163589136,0.5210280373831776
DATES,-0.45367527503047134,0.5186915887850467
DATES,-0.4284474884250513,0.5163551401869159
DATES,-0.4284474884250513,0.514018691588785
DATES,-0.4284474884250513,0.5116822429906542
DATES,-0.4284474884250513,0.5093457943925234
DATES,-0.4284474884250513,0.5070093457943925
DATES,-0.4284474884250513,0.5046728971962616
DATES,-0.4284474884250513,0.5023364485981309
DATES,-0.4284474884250513,0.5
DATES,-0.4284474884250513,0.4976635514018692
DATES,-0.4284474884250513,0.4953271028037383
DATES,-0.4284474884250513,0.4929906542056075
DATES,-0.40321970181963135,0.49065420560747663
DATES,-0.40321970181963135,0.4883177570093458
DATES,-0.40321970181963135,0.48598130841121495
DATES,-0.40321970181963135,0.48364485981308414
DATES,-0.40321970181963135,0.48130841121495327
DATES,-0.3779919152142113,0.47897196261682246
DATES,-0.3779919152142113,0.4766355140186916
DATES,-0.3779919152142113,0.4742990654205608
DATES,-0.3527641286087913,0.4719626168224299
DATES,-0.3527641286087913,0.4696261682242991
DATES,-0.3527641286087913,0.4672897196261682
DATES,-0.3527641286087913,0.4649532710280374
DATES,-0.3275363420033713,0.46261682242990654
DATES,-0.3275363420033713,0.4602803738317757
DATES,-0.3275363420033713,0.45794392523364486
DATES,-0.3275363420033713,0.45560747663551404
DATES,-0.3275363420033713,0.4532710280373832
DATES,-0.3275363420033713,0.45093457943925236
DATES,-0.3275363420033713,0.4485981308411215
DATES,-0.3275363420033713,0.4462616822429907
DATES,-0.3275363420033713,0.4439252336448598
DATES,-0.3275363420033713,0.441588785046729
DATES,-0.30230855539795126,0.4392523364485981
DATES,-0.27708076879253124,0.4369158878504673
DATES,-0.27708076879253124,0.43457943925233644
DATES,-0.27708076879253124,0.4322429906542056
DATES,-0.27708076879253124,0.42990654205607476
DATES,-0.22662519558169122,0.42757009345794394
DATES,-0.22662519558169122,0.4252336448598131
DATES,-0.22662519558169122,0.42289719626168226
DATES,-0.22662519558169122,0.4205607476635514
DATES,-0.22662519558169122,0.4182242990654206
DATES,-0.22662519558169122,0.4158878504672897
DATES,-0.22662519558169122,0.4135514018691589
DATES,-0.22662519558169122,0.411214953271028
DATES,-0.22662519558169122,0.4088785046728972
DATES,-0.19298814677446455,0.40654205607476634
DATES,-0.1761696223708512,0.40420560747663553
DATES,-0.1761696223708512,0.40186915887850466
DATES,-0.1761696223708512,0.39953271028037385
DATES,-0.1761696223708512,0.397196261682243
DATES,-0.1509418357654312,0.39485981308411217
DATES,-0.10048626255459117,0.3925233644859813
DATES,-0.10048626255459117,0.3901869158878505
DATES,-0.10048626255459117,0.3878504672897196
DATES,-0.07525847594917116,0.3855140186915888
DATES,-0.07525847594917116,0.38317757009345793
DATES,-0.024802902738331134,0.3808411214953271
DATES,-0.024802902738331134,0.37850467289719625
DATES,-0.024802902738331134,0.37616822429906543
DATES,-0.024802902738331134,0.37383177570093457
DATES,-0.024802902738331134,0.37149532710280375
DATES,-0.024802902738331134,0.3691588785046729
DATES,0.025652670472508892,0.36682242990654207
DATES,0.025652670472508892,0.3644859813084112
DATES,0.025652670472508892,0.3621495327102804
DATES,0.025652670472508892,0.3598130841121495
DATES,0.025652670472508892,0.3574766355140187
DATES,0.025652670472508892,0.35514018691588783
DATES,0.025652670472508892,0.352803738317757
DATES,0.025652670472508892,0.35046728971962615
DATES,0.025652670472508892,0.34813084112149534
DATES,0.07610824368334891,0.34579439252336447
DATES,0.07610824368334891,0.34345794392523366
DATES,0.07610824368334891,0.3411214953271028
DATES,0.07610824368334891,0.338785046728972
DATES,0.07610824368334891,0.3364485981308411
DATES,0.12656381689418894,0.3341121495327103
DATES,0.12656381689418894,0.3317757009345794
DATES,0.12656381689418894,0.3294392523364486
DATES,0.12656381689418894,0.32710280373831774
DATES,0.12656381689418894,0.3247663551401869
DATES,0.12656381689418894,0.32242990654205606
DATES,0.17701939010502896,0.32009345794392524
DATES,0.17701939010502896,0.3177570093457944
DATES,0.17701939010502896,0.31542056074766356
DATES,0.17701939010502896,0.3130841121495327
DATES,0.17701939010502896,0.3107476635514019
DATES,0.20224717671044898,0.308411214953271
DATES,0.20224717671044898,0.3060747663551402
DATES,0.20224717671044898,0.3037383177570093
DATES,0.20224717671044898,0.3014018691588785
DATES,0.277930536526709,0.29906542056074764
DATES,0.277930536526709,0.2967289719626168
DATES,0.277930536526709,0.29439252336448596
DATES,0.277930536526709,0.29205607476635514
DATES,0.277930536526709,0.2897196261682243
DATES,0.277930536526709,0.28738317757009346
DATES,0.277930536526709,0.2850467289719626
DATES,0.277930536526709,0.2827102803738318
DATES,0.32838610973754906,0.2803738317757009
DATES,0.32838610973754906,0.2780373831775701
DATES,0.3536138963429691,0.2757009345794392
DATES,0.37884168294838905,0.2733644859813084
DATES,0.37884168294838905,0.27102803738317754
DATES,0.40406946955380907,0.26869158878504673
DATES,0.4292972561592291,0.26635514018691586
DATES,0.4292972561592291,0.26401869158878505
DATES,0.47975282937006913,0.2616822429906542
DATES,0.47975282937006913,0.25934579439252337
DATES,0.47975282937006913,0.2570093457943925
DATES,0.5302084025809092,0.2546728971962617
DATES,0.5302084025809092,0.2523364485981308
DATES,0.5302084025809092,0.25
DATES,0.5806639757917492,0.24766355140186916
DATES,0.6563473356080092,0.24532710280373832
DATES,0.7068029088188492,0.24299065420560748
DATES,0.7824862686351093,0.24065420560747663
DATES,0.7824862686351093,0.2383177570093458
DATES,0.7824862686351093,0.23598130841121495
DATES,0.7824862686351093,0.2336448598130841
DATES,0.7824862686351093,0.23130841121495327
DATES,0.7824862686351093,0.22897196261682243
DATES,0.8077140552405293,0.2266355140186916
DATES,0.8581696284513693,0.22429906542056074
DATES,0.8833974150567894,0.2219626168224299
DATES,0.8833974150567894,0.21962616822429906
DATES,0.8833974150567894,0.21728971962616822
DATES,0.8833974150567894,0.21495327102803738
DATES,0.8833974150567894,0.21261682242990654
DATES,0.9338529882676293,0.2102803738317757
DATES,0.9590807748730493,0.20794392523364486
DATES,0.9590807748730493,0.205607476635514
DATES,0.9590807748730493,0.20327102803738317
DATES,0.9843085614784693,0.20093457943925233
DATES,1.0347641346893095,0.1985981308411215
DATES,1.0347641346893095,0.19626168224299065
DATES,1.0347641346893095,0.1939252336448598
DATES,1.0347641346893095,0.19158878504672897
DATES,1.0347641346893095,0.18925233644859812
DATES,1.0347641346893095,0.18691588785046728
DATES,1.0515826590929227,0.18457943925233644
DATES,1.1356752811109894,0.1822429906542056
DATES,1.1609030677164094,0.17990654205607476
DATES,1.1861308543218294,0.17757009345794392
DATES,1.1861308543218294,0.17523364485981308
DATES,1.1861308543218294,0.17289719626168223
DATES,1.1861308543218294,0.1705607476635514
DATES,1.2365864275326695,0.16822429906542055
DATES,1.2365864275326695,0.1658878504672897
DATES,1.2870420007435095,0.16355140186915887
DATES,1.2870420007435095,0.16121495327102803
DATES,1.2870420007435095,0.1588785046728972
DATES,1.2870420007435095,0.15654205607476634
DATES,1.2870420007435095,0.1542056074766355
DATES,1.2870420007435095,0.15186915887850466
DATES,1.2870420007435095,0.14953271028037382
DATES,1.2870420007435095,0.14719626168224298
DATES,1.2870420007435095,0.14485981308411214
DATES,1.2870420007435095,0.1425233644859813
DATES,1.2870420007435095,0.14018691588785046
DATES,1.2870420007435095,0.1378504672897196
DATES,1.2870420007435095,0.13551401869158877
DATES,1.3374975739543495,0.13317757009345793
DATES,1.3374975739543495,0.1308411214953271
DATES,1.3374975739543495,0.12850467289719625
DATES,1.3879531471651896,0.1261682242990654
DATES,1.3879531471651896,0.12383177570093458
DATES,1.3879531471651896,0.12149532710280374
DATES,1.4131809337706096,0.1191588785046729
DATES,1.4636365069814496,0.11682242990654206
DATES,1.4888642935868697,0.11448598130841121
DATES,1.4888642935868697,0.11214953271028037
DATES,1.4888642935868697,0.10981308411214953
DATES,1.4888642935868697,0.10747663551401869
DATES,1.5393198667977097,0.10514018691588785
DATES,1.5393198667977097,0.102803738317757
DATES,1.5393198667977097,0.10046728971962617
DATES,1.5393198667977097,0.09813084112149532
DATES,1.5393198667977097,0.09579439252336448
DATES,1.5393198667977097,0.09345794392523364
DATES,1.5393198667977097,0.0911214953271028
DATES,1.5393198667977097,0.08878504672897196
DATES,1.5897754400085498,0.08644859813084112
DATES,1.6402310132193898,0.08411214953271028
DATES,1.6402310132193898,0.08177570093457943
DATES,1.7915977328519097,0.0794392523364486
DATES,1.7915977328519097,0.07710280373831775
DATES,1.7915977328519097,0.07476635514018691
DATES,1.7915977328519097,0.07242990654205607
DATES,1.7915977328519097,0.07009345794392523
DATES,1.7915977328519097,0.06775700934579439
DATES,1.7915977328519097,0.06542056074766354
DATES,1.7915977328519097,0.0630841121495327
DATES,1.7915977328519097,0.06074766355140187
DATES,1.7915977328519097,0.05841121495327103
DATES,1.8420533060627498,0.056074766355140186
DATES,1.9429644524844298,0.053738317757009345
DATES,1.9429644524844298,0.0514018691588785
DATES,2.09433117211695,0.04906542056074766
DATES,2.09433117211695,0.04672897196261682
DATES,2.17001453193321,0.04439252336448598
DATES,2.22047010514405,0.04205607476635514
DATES,2.29615346496031,0.0397196261682243
DATES,2.29615346496031,0.037383177570093455
DATES,2.29615346496031,0.035046728971962614
DATES,2.29615346496031,0.03271028037383177
DATES,2.32138125156573,0.030373831775700934
DATES,2.3970646113819902,0.028037383177570093
DATES,2.3970646113819902,0.02570093457943925
DATES,2.3970646113819902,0.02336448598130841
DATES,2.3970646113819902,0.02102803738317757
DATES,2.5484313310145104,0.018691588785046728
DATES,2.5484313310145104,0.016355140186915886
DATES,2.6997980506470305,0.014018691588785047
DATES,2.6997980506470305,0.011682242990654205
DATES,2.8007091970687106,0.009345794392523364
DATES,3.0025314899120708,0.007009345794392523
DATES,3.557542795231311,0.004672897196261682
DATES,4.3648319666047515,0.002336448598130841
MUSTARD,-1.6189115263024427,1.0
MUSTARD,-1.5897219166460552,0.9949494949494949
MUSTARD,-1.5021530876768927,0.98989898989899
MUSTARD,-1.2978258200821802,0.9848484848484849
MUSTARD,-1.2978258200821802,0.9797979797979798
MUSTARD,-1.2978258200821802,0.9747474747474747
MUSTARD,-1.2394466007694052,0.9696969696969697
MUSTARD,-1.2394466007694052,0.9646464646464646
MUSTARD,-1.2394466007694052,0.9595959595959596
MUSTARD,-1.2394466007694052,0.9545454545454546
MUSTARD,-1.1810673814566301,0.9494949494949495
MUSTARD,-1.1664725766284365,0.9444444444444444
MUSTARD,-1.1226881621438551,0.9393939393939394
MUSTARD,-1.1226881621438551,0.9343434343434344
MUSTARD,-0.987686217483063,0.9292929292929293
MUSTARD,-0.9475505042055302,0.9242424242424242
MUSTARD,-0.9475505042055302,0.9191919191919192
MUSTARD,-0.9475505042055302,0.9141414141414141
MUSTARD,-0.9475505042055302,0.9090909090909091
MUSTARD,-0.9475505042055302,0.9040404040404041
MUSTARD,-0.9475505042055302,0.898989898989899
MUSTARD,-0.9475505042055302,0.8939393939393939
MUSTARD,-0.9475505042055302,0.8888888888888888
MUSTARD,-0.9475505042055302,0.8838383838383839
MUSTARD,-0.9475505042055302,0.8787878787878788
MUSTARD,-0.9475505042055302,0.8737373737373737
MUSTARD,-0.9475505042055302,0.8686868686868687
MUSTARD,-0.9475505042055302,0.8636363636363636
MUSTARD,-0.9475505042055302,0.8585858585858586
MUSTARD,-0.9475505042055302,0.8535353535353535
MUSTARD,-0.9475505042055302,0.8484848484848485
MUSTARD,-0.9475505042055302,0.8434343434343434
MUSTARD,-0.9475505042055302,0.8383838383838383
MUSTARD,-0.9475505042055302,0.8333333333333334
MUSTARD,-0.9475505042055302,0.8282828282828283
MUSTARD,-0.9475505042055302,0.8232323232323232
MUSTARD,-0.9475505042055302,0.8181818181818182
MUSTARD,-0.9475505042055302,0.8131313131313131
MUSTARD,-0.9475505042055302,0.8080808080808081
MUSTARD,-0.8599816752363677,0.803030303030303
MUSTARD,-0.8599816752363677,0.797979797979798
MUSTARD,-0.8502518053509052,0.7929292929292929
MUSTARD,-0.8016024559235927,0.7878787878787878
MUSTARD,-0.7724128462672052,0.7828282828282829
MUSTARD,-0.7724128462672052,0.7777777777777778
MUSTARD,-0.7724128462672052,0.7727272727272727
MUSTARD,-0.7724128462672052,0.7676767676767676
MUSTARD,-0.7724128462672052,0.7626262626262627
MUSTARD,-0.7724128462672052,0.7575757575757576
MUSTARD,-0.7432232366108177,0.7525252525252525
MUSTARD,-0.7286284317826239,0.7474747474747475
MUSTARD,-0.7286284317826239,0.7424242424242424
MUSTARD,-0.7286284317826239,0.7373737373737373
MUSTARD,-0.7237634968398927,0.7323232323232324
MUSTARD,-0.7140336269544302,0.7272727272727273
MUSTARD,-0.6848440172980427,0.7222222222222222
MUSTARD,-0.6556544076416552,0.7171717171717171
MUSTARD,-0.6556544076416552,0.7121212121212122
MUSTARD,-0.6556544076416552,0.7070707070707071
MUSTARD,-0.6556544076416552,0.702020202020202
MUSTARD,-0.6556544076416552,0.696969696969697
MUSTARD,-0.6556544076416552,0.6919191919191919
MUSTARD,-0.6410596028134614,0.6868686868686869
MUSTARD,-0.6264647979852677,0.6818181818181818
MUSTARD,-0.5972751883288802,0.6767676767676768
MUSTARD,-0.5972751883288802,0.6717171717171717
MUSTARD,-0.5388959690161053,0.6666666666666666
MUSTARD,-0.5388959690161053,0.6616161616161617
MUSTARD,-0.5097063593597178,0.6565656565656566
MUSTARD,-0.5097063593597178,0.6515151515151515
MUSTARD,-0.5097063593597178,0.6464646464646465
MUSTARD,-0.5097063593597178,0.6414141414141414
MUSTARD,-0.5097063593597178,0.6363636363636364
MUSTARD,-0.5097063593597178,0.6313131313131313
MUSTARD,-0.5097063593597178,0.6262626262626263
MUSTARD,-0.5097063593597178,0.6212121212121212
MUSTARD,-0.5097063593597178,0.6161616161616161
MUSTARD,-0.5097063593597178,0.6111111111111112
MUSTARD,-0.5097063593597178,0.6060606060606061
MUSTARD,-0.5097063593597178,0.601010101010101
MUSTARD,-0.5097063593597178,0.5959595959595959
MUSTARD,-0.5097063593597178,0.5909090909090909
MUSTARD,-0.5097063593597178,0.5858585858585859
MUSTARD,-0.5097063593597178,0.5808080808080808
MUSTARD,-0.5097063593597178,0.5757575757575758
MUSTARD,-0.5097063593597178,0.5707070707070707
MUSTARD,-0.5097063593597178,0.5656565656565656
MUSTARD,-0.5097063593597178,0.5606060606060606
MUSTARD,-0.5097063593597178,0.5555555555555556
MUSTARD,-0.5097063593597178,0.5505050505050505
MUSTARD,-0.5097063593597178,0.5454545454545454
MUSTARD,-0.5097063593597178,0.5404040404040404
MUSTARD,-0.5097063593597178,0.5353535353535354
MUSTARD,-0.5097063593597178,0.5303030303030303
MUSTARD,-0.4805167497033302,0.5252525252525253
MUSTARD,-0.45132714004694274,0.5202020202020202
MUSTARD,-0.45132714004694274,0.5151515151515151
MUSTARD,-0.42213753039055524,0.51010101010101
MUSTARD,-0.42213753039055524,0.5050505050505051
MUSTARD,-0.3637583110777802,0.5
MUSTARD,-0.3637583110777802,0.494949494949495
MUSTARD,-0.3637583110777802,0.4898989898989899
MUSTARD,-0.3637583110777802,0.48484848484848486
MUSTARD,-0.07186221451390526,0.4797979797979798
MUSTARD,-0.07186221451390526,0.47474747474747475
MUSTARD,-0.07186221451390526,0.4696969696969697
MUSTARD,-0.07186221451390526,0.46464646464646464
MUSTARD,-0.07186221451390526,0.4595959595959596
MUSTARD,-0.07186221451390526,0.45454545454545453
MUSTARD,-0.07186221451390526,0.4494949494949495
MUSTARD,-0.07186221451390526,0.4444444444444444
MUSTARD,-0.07186221451390526,0.4393939393939394
MUSTARD,-0.07186221451390526,0.43434343434343436
MUSTARD,-0.07186221451390526,0.4292929292929293
MUSTARD,-0.07186221451390526,0.42424242424242425
MUSTARD,-0.07186221451390526,0.41919191919191917
MUSTARD,-0.07186221451390526,0.41414141414141414
MUSTARD,-0.07186221451390526,0.4090909090909091
MUSTARD,-0.07186221451390526,0.40404040404040403
MUSTARD,-0.07186221451390526,0.398989898989899
MUSTARD,-0.07186221451390526,0.3939393939393939
MUSTARD,0.10327544342441973,0.3888888888888889
MUSTARD,0.10327544342441973,0.3838383838383838
MUSTARD,0.10327544342441973,0.3787878787878788
MUSTARD,0.12273518319534474,0.37373737373737376
MUSTARD,0.14705985790900097,0.3686868686868687
MUSTARD,0.16165466273719473,0.36363636363636365
MUSTARD,0.19084427239358223,0.35858585858585856
MUSTARD,0.22003388204996974,0.35353535353535354
MUSTARD,0.22003388204996974,0.3484848484848485
MUSTARD,0.24922349170635721,0.3434343434343434
MUSTARD,0.29300790619093847,0.3383838383838384
MUSTARD,0.33679232067551973,0.3333333333333333
MUSTARD,0.36598193033190723,0.3282828282828283
MUSTARD,0.36598193033190723,0.32323232323232326
MUSTARD,0.36598193033190723,0.3181818181818182
MUSTARD,0.36598193033190723,0.31313131313131315
MUSTARD,0.36598193033190723,0.30808080808080807
MUSTARD,0.36598193033190723,0.30303030303030304
MUSTARD,0.36598193033190723,0.29797979797979796
MUSTARD,0.36598193033190723,0.29292929292929293
MUSTARD,0.36598193033190723,0.2878787878787879
MUSTARD,0.5119299786138447,0.2828282828282828
MUSTARD,0.6870676365521697,0.2777777777777778
MUSTARD,0.6870676365521697,0.2727272727272727
MUSTARD,0.8038260751777196,0.2676767676767677
MUSTARD,0.8038260751777196,0.26262626262626265
MUSTARD,0.8038260751777196,0.25757575757575757
MUSTARD,0.8038260751777196,0.25252525252525254
MUSTARD,0.8038260751777196,0.2474747474747475
MUSTARD,0.8038260751777196,0.24242424242424243
MUSTARD,0.8038260751777196,0.23737373737373738
MUSTARD,0.8038260751777196,0.23232323232323232
MUSTARD,0.8038260751777196,0.22727272727272727
MUSTARD,0.8038260751777196,0.2222222222222222
MUSTARD,0.8038260751777196,0.21717171717171718
MUSTARD,0.8038260751777196,0.21212121212121213
MUSTARD,0.8038260751777196,0.20707070707070707
MUSTARD,0.8038260751777196,0.20202020202020202
MUSTARD,0.8038260751777196,0.19696969696969696
MUSTARD,0.8038260751777196,0.1919191919191919
MUSTARD,0.8038260751777196,0.18686868686868688
MUSTARD,0.8038260751777196,0.18181818181818182
MUSTARD,0.8038260751777196,0.17676767676767677
MUSTARD,0.8038260751777196,0.1717171717171717
MUSTARD,0.8038260751777196,0.16666666666666666
MUSTARD,1.0178832126578947,0.16161616161616163
MUSTARD,1.0373429524288196,0.15656565656565657
MUSTARD,1.0470728223142822,0.15151515151515152
MUSTARD,1.124911781397982,0.14646464646464646
MUSTARD,1.2124806103671446,0.1414141414141414
MUSTARD,1.2124806103671446,0.13636363636363635
MUSTARD,1.2416702200235321,0.13131313131313133
MUSTARD,1.2416702200235321,0.12626262626262627
MUSTARD,1.2416702200235321,0.12121212121212122
MUSTARD,1.2416702200235321,0.11616161616161616
MUSTARD,1.6795143648693447,0.1111111111111111
MUSTARD,1.6795143648693447,0.10606060606060606
MUSTARD,1.6795143648693447,0.10101010101010101
MUSTARD,1.6795143648693447,0.09595959595959595
MUSTARD,1.6795143648693447,0.09090909090909091
MUSTARD,1.6795143648693447,0.08585858585858586
MUSTARD,1.6795143648693447,0.08080808080808081
MUSTARD,1.6795143648693447,0.07575757575757576
MUSTARD,1.6795143648693447,0.0707070707070707
MUSTARD,1.6795143648693447,0.06565656565656566
MUSTARD,1.6795143648693447,0.06060606060606061
MUSTARD,1.6795143648693447,0.05555555555555555
MUSTARD,1.6795143648693447,0.050505050505050504
MUSTARD,1.6795143648693447,0.045454545454545456
MUSTARD,1.6795143648693447,0.04040404040404041
MUSTARD,2.5552026545609694,0.03535353535353535
MUSTARD,2.5552026545609694,0.030303030303030304
MUSTARD,2.5552026545609694,0.025252525252525252
MUSTARD,2.5552026545609694,0.020202020202020204
MUSTARD,2.9054779704376195,0.015151515151515152
MUSTARD,2.9638571897503945,0.010101010101010102
MUSTARD,3.4308909442525946,0.005050505050505051
CRESS,-1.413814247818337,1.0
CRESS,-1.404888278927829,0.995260663507109
CRESS,-1.387036341146813,0.990521327014218
CRESS,-1.387036341146813,0.985781990521327
CRESS,-1.387036341146813,0.981042654028436
CRESS,-1.387036341146813,0.976303317535545
CRESS,-1.3334805278037647,0.9715639810426541
CRESS,-1.3334805278037647,0.966824644549763
CRESS,-1.3156285900227487,0.9620853080568721
CRESS,-1.3156285900227487,0.957345971563981
CRESS,-1.3156285900227487,0.95260663507109
CRESS,-1.2799247144607164,0.9478672985781991
CRESS,-1.2799247144607164,0.943127962085308
CRESS,-1.2799247144607164,0.9383886255924171
CRESS,-1.2799247144607164,0.933649289099526
CRESS,-1.2799247144607164,0.9289099526066351
CRESS,-1.2442208388986842,0.9241706161137441
CRESS,-1.2442208388986842,0.919431279620853
CRESS,-1.2442208388986842,0.9146919431279621
CRESS,-1.2263689011176682,0.909952606635071
CRESS,-1.17281308777462,0.9052132701421801
CRESS,-1.17281308777462,0.9004739336492891
CRESS,-1.17281308777462,0.8957345971563981
CRESS,-1.17281308777462,0.8909952606635071
CRESS,-1.17281308777462,0.8862559241706162
CRESS,-1.17281308777462,0.8815165876777251
CRESS,-1.17281308777462,0.8767772511848341
CRESS,-1.0657014610885236,0.8720379146919431
CRESS,-1.0657014610885236,0.8672985781990521
CRESS,-1.0657014610885236,0.8625592417061612
CRESS,-1.0657014610885236,0.8578199052132701
CRESS,-1.0657014610885236,0.8530805687203792
CRESS,-1.0657014610885236,0.8483412322274881
CRESS,-1.0299975855264913,0.8436018957345972
CRESS,-1.0210716166359834,0.8388625592417062
CRESS,-0.9942937099644593,0.8341232227488151
CRESS,-0.9585898344024271,0.8293838862559242
CRESS,-0.9585898344024271,0.8246445497630331
CRESS,-0.9585898344024271,0.8199052132701422
CRESS,-0.9585898344024271,0.8151658767772512
CRESS,-0.9585898344024271,0.8104265402843602
CRESS,-0.9585898344024271,0.8056872037914692
CRESS,-0.9585898344024271,0.8009478672985783
CRESS,-0.9585898344024271,0.7962085308056872
CRESS,-0.9585898344024271,0.7914691943127962
CRESS,-0.8871820832783628,0.7867298578199052
CRESS,-0.8871820832783628,0.7819905213270142
CRESS,-0.8871820832783628,0.7772511848341233
CRESS,-0.8514782077163306,0.7725118483412322
CRESS,-0.8514782077163306,0.7677725118483413
CRESS,-0.8514782077163306,0.7630331753554502
CRESS,-0.8514782077163306,0.7582938388625592
CRESS,-0.8514782077163306,0.7535545023696683
CRESS,-0.8514782077163306,0.7488151658767772
CRESS,-0.8514782077163306,0.7440758293838863
CRESS,-0.8514782077163306,0.7393364928909952
CRESS,-0.7979223943732825,0.7345971563981043
CRESS,-0.7979223943732825,0.7298578199052133
CRESS,-0.7979223943732825,0.7251184834123223
CRESS,-0.7622185188112504,0.7203791469194313
CRESS,-0.7443665810302342,0.7156398104265402
CRESS,-0.7443665810302342,0.7109004739336493
CRESS,-0.7443665810302342,0.7061611374407583
CRESS,-0.7443665810302342,0.7014218009478673
CRESS,-0.7443665810302342,0.6966824644549763
CRESS,-0.7443665810302342,0.6919431279620853
CRESS,-0.7443665810302342,0.6872037914691943
CRESS,-0.7443665810302342,0.6824644549763034
CRESS,-0.7443665810302342,0.6777251184834123
CRESS,-0.7443665810302342,0.6729857819905213
CRESS,-0.7443665810302342,0.6682464454976303
CRESS,-0.7443665810302342,0.6635071090047393
CRESS,-0.7443665810302342,0.6587677725118484
CRESS,-0.7443665810302342,0.6540284360189573
CRESS,-0.7443665810302342,0.6492890995260664
CRESS,-0.7443665810302342,0.6445497630331753
CRESS,-0.6372549543441378,0.6398104265402843
CRESS,-0.6372549543441378,0.6350710900473934
CRESS,-0.5301433276580414,0.6303317535545023
CRESS,-0.5301433276580414,0.6255924170616114
CRESS,-0.5301433276580414,0.6208530805687204
CRESS,-0.5301433276580414,0.6161137440758294
CRESS,-0.5301433276580414,0.6113744075829384
CRESS,-0.5301433276580414,0.6066350710900474
CRESS,-0.5301433276580414,0.6018957345971564
CRESS,-0.5301433276580414,0.5971563981042654
CRESS,-0.5301433276580414,0.5924170616113744
CRESS,-0.5301433276580414,0.5876777251184834
CRESS,-0.5301433276580414,0.5829383886255924
CRESS,-0.45873557653397706,0.5781990521327014
CRESS,-0.4230317009719449,0.5734597156398105
CRESS,-0.4230317009719449,0.5687203791469194
CRESS,-0.3873278254099128,0.5639810426540285
CRESS,-0.3159200742858485,0.5592417061611374
CRESS,-0.3159200742858485,0.5545023696682464
CRESS,-0.3159200742858485,0.5497630331753555
CRESS,-0.3159200742858485,0.5450236966824644
CRESS,-0.3159200742858485,0.5402843601895735
CRESS,-0.3159200742858485,0.5355450236966824
CRESS,-0.3159200742858485,0.5308056872037915
CRESS,-0.3159200742858485,0.5260663507109005
CRESS,-0.3159200742858485,0.5213270142180095
CRESS,-0.3159200742858485,0.5165876777251185
CRESS,-0.20880844759975206,0.5118483412322274
CRESS,-0.1731045720377199,0.5071090047393365
CRESS,-0.1731045720377199,0.5023696682464455
CRESS,-0.1731045720377199,0.4976303317535545
CRESS,-0.13740069647568776,0.4928909952606635
CRESS,-0.10169682091365562,0.4881516587677725
CRESS,-0.10169682091365562,0.4834123222748815
CRESS,-0.10169682091365562,0.4786729857819905
CRESS,-0.10169682091365562,0.47393364928909953
CRESS,-0.10169682091365562,0.46919431279620855
CRESS,-0.10169682091365562,0.46445497630331756
CRESS,-0.10169682091365562,0.4597156398104265
CRESS,0.005414805772440823,0.4549763033175355
CRESS,0.11252643245853726,0.45023696682464454
CRESS,0.11252643245853726,0.44549763033175355
CRESS,0.11252643245853726,0.44075829383886256
CRESS,0.11252643245853726,0.43601895734597157
CRESS,0.11252643245853726,0.4312796208530806
CRESS,0.11252643245853726,0.4265402843601896
CRESS,0.11252643245853726,0.4218009478672986
CRESS,0.11252643245853726,0.41706161137440756
CRESS,0.11252643245853726,0.41232227488151657
CRESS,0.2196380591446337,0.4075829383886256
CRESS,0.25534193470666583,0.4028436018957346
CRESS,0.32674968583073016,0.3981042654028436
CRESS,0.32674968583073016,0.3933649289099526
CRESS,0.32674968583073016,0.3886255924170616
CRESS,0.32674968583073016,0.38388625592417064
CRESS,0.32674968583073016,0.3791469194312796
CRESS,0.32674968583073016,0.3744075829383886
CRESS,0.540972939202923,0.3696682464454976
CRESS,0.540972939202923,0.36492890995260663
CRESS,0.540972939202923,0.36018957345971564
CRESS,0.540972939202923,0.35545023696682465
CRESS,0.540972939202923,0.35071090047393366
CRESS,0.540972939202923,0.3459715639810427
CRESS,0.540972939202923,0.3412322274881517
CRESS,0.540972939202923,0.33649289099526064
CRESS,0.540972939202923,0.33175355450236965
CRESS,0.540972939202923,0.32701421800947866
CRESS,0.540972939202923,0.3222748815165877
CRESS,0.540972939202923,0.3175355450236967
CRESS,0.540972939202923,0.3127962085308057
CRESS,0.540972939202923,0.3080568720379147
CRESS,0.540972939202923,0.3033175355450237
CRESS,0.540972939202923,0.2985781990521327
CRESS,0.540972939202923,0.2938388625592417
CRESS,0.540972939202923,0.2890995260663507
CRESS,0.540972939202923,0.2843601895734597
CRESS,0.540972939202923,0.2796208530805687
CRESS,0.540972939202923,0.27488151658767773
CRESS,0.540972939202923,0.27014218009478674
CRESS,0.6480845658890194,0.26540284360189575
CRESS,0.7551961925751159,0.26066350710900477
CRESS,0.7551961925751159,0.2559241706161137
CRESS,0.7551961925751159,0.25118483412322273
CRESS,0.7551961925751159,0.24644549763033174
CRESS,0.9694194459473088,0.24170616113744076
CRESS,0.9694194459473088,0.23696682464454977
CRESS,0.9694194459473088,0.23222748815165878
CRESS,0.9694194459473088,0.22748815165876776
CRESS,0.9694194459473088,0.22274881516587677
CRESS,0.9694194459473088,0.21800947867298578
CRESS,0.9694194459473088,0.2132701421800948
CRESS,0.9694194459473088,0.20853080568720378
CRESS,0.9694194459473088,0.2037914691943128
CRESS,0.9694194459473088,0.1990521327014218
CRESS,0.9694194459473088,0.1943127962085308
CRESS,0.9694194459473088,0.1895734597156398
CRESS,0.9694194459473088,0.1848341232227488
CRESS,0.9694194459473088,0.18009478672985782
CRESS,0.9694194459473088,0.17535545023696683
CRESS,0.9694194459473088,0.17061611374407584
CRESS,0.9694194459473088,0.16587677725118483
CRESS,0.9694194459473088,0.16113744075829384
CRESS,0.9694194459473088,0.15639810426540285
CRESS,1.1836426993195017,0.15165876777251186
CRESS,1.1836426993195017,0.14691943127962084
CRESS,1.1836426993195017,0.14218009478672985
CRESS,1.2371985126625498,0.13744075829383887
CRESS,1.255050450443566,0.13270142180094788
CRESS,1.255050450443566,0.12796208530805686
CRESS,1.255050450443566,0.12322274881516587
CRESS,1.290754326005598,0.11848341232227488
CRESS,1.290754326005598,0.11374407582938388
CRESS,1.3978659526916946,0.10900473933649289
CRESS,1.3978659526916946,0.10426540284360189
CRESS,1.3978659526916946,0.0995260663507109
CRESS,1.3978659526916946,0.0947867298578199
CRESS,1.3978659526916946,0.09004739336492891
CRESS,1.5049775793777909,0.08530805687203792
CRESS,1.6120892060638874,0.08056872037914692
CRESS,1.6120892060638874,0.07582938388625593
CRESS,1.6120892060638874,0.07109004739336493
CRESS,1.6120892060638874,0.06635071090047394
CRESS,1.8263124594360802,0.061611374407582936
CRESS,1.8263124594360802,0.05687203791469194
CRESS,1.8263124594360802,0.052132701421800945
CRESS,1.8263124594360802,0.04739336492890995
CRESS,1.8263124594360802,0.04265402843601896
CRESS,1.8263124594360802,0.037914691943127965
CRESS,2.040535712808273,0.03317535545023697
CRESS,2.040535712808273,0.02843601895734597
CRESS,2.254758966180466,0.023696682464454975
CRESS,2.254758966180466,0.018957345971563982
CRESS,2.254758966180466,0.014218009478672985
CRESS,2.6832054729248522,0.009478672985781991
CRESS,2.6832054729248522,0.004739336492890996
SESAME,-1.3445283000991648,1.0
SESAME,-1.2218895235747085,0.9963636363636363
SESAME,-1.2218895235747085,0.9927272727272727
SESAME,-1.2218895235747085,0.9890909090909091
SESAME,-1.1912298294435946,0.9854545454545455
SESAME,-1.1912298294435946,0.9818181818181818
SESAME,-1.1810099313998899,0.9781818181818182
SESAME,-1.140130339225071,0.9745454545454545
SESAME,-1.140130339225071,0.9709090909090909
SESAME,-1.140130339225071,0.9672727272727273
SESAME,-1.140130339225071,0.9636363636363636
SESAME,-1.140130339225071,0.96
SESAME,-1.140130339225071,0.9563636363636364
SESAME,-1.140130339225071,0.9527272727272728
SESAME,-1.140130339225071,0.9490909090909091
SESAME,-1.140130339225071,0.9454545454545454
SESAME,-1.140130339225071,0.9418181818181818
SESAME,-1.1196905431376616,0.9381818181818182
SESAME,-1.0992507470502522,0.9345454545454546
SESAME,-1.0685910529191383,0.9309090909090909
SESAME,-1.0583711548754335,0.9272727272727272
SESAME,-1.0583711548754335,0.9236363636363636
SESAME,-1.0379313587880241,0.92
SESAME,-1.0174915627006147,0.9163636363636364
SESAME,-1.0174915627006147,0.9127272727272727
SESAME,-1.0174915627006147,0.9090909090909091
SESAME,-1.0174915627006147,0.9054545454545454
SESAME,-1.0174915627006147,0.9018181818181819
SESAME,-1.0174915627006147,0.8981818181818182
SESAME,-1.0174915627006147,0.8945454545454545
SESAME,-0.9970517666132054,0.8909090909090909
SESAME,-0.9868318685695007,0.8872727272727273
SESAME,-0.9868318685695007,0.8836363636363637
SESAME,-0.976611970525796,0.88
SESAME,-0.976611970525796,0.8763636363636363
SESAME,-0.976611970525796,0.8727272727272727
SESAME,-0.976611970525796,0.8690909090909091
SESAME,-0.976611970525796,0.8654545454545455
SESAME,-0.976611970525796,0.8618181818181818
SESAME,-0.976611970525796,0.8581818181818182
SESAME,-0.976611970525796,0.8545454545454545
SESAME,-0.976611970525796,0.850909090909091
SESAME,-0.976611970525796,0.8472727272727273
SESAME,-0.9663920724820912,0.8436363636363636
SESAME,-0.9663920724820912,0.84
SESAME,-0.9663920724820912,0.8363636363636363
SESAME,-0.9357323783509772,0.8327272727272728
SESAME,-0.9357323783509772,0.8290909090909091
SESAME,-0.8948527861761584,0.8254545454545454
SESAME,-0.8948527861761584,0.8218181818181818
SESAME,-0.8948527861761584,0.8181818181818182
SESAME,-0.8948527861761584,0.8145454545454546
SESAME,-0.8948527861761584,0.8109090909090909
SESAME,-0.8948527861761584,0.8072727272727273
SESAME,-0.8948527861761584,0.8036363636363636
SESAME,-0.8948527861761584,0.8
SESAME,-0.8948527861761584,0.7963636363636364
SESAME,-0.8948527861761584,0.7927272727272727
SESAME,-0.8948527861761584,0.7890909090909091
SESAME,-0.8948527861761584,0.7854545454545454
SESAME,-0.8948527861761584,0.7818181818181819
SESAME,-0.8948527861761584,0.7781818181818182
SESAME,-0.8948527861761584,0.7745454545454545
SESAME,-0.8539731940013396,0.7709090909090909
SESAME,-0.8539731940013396,0.7672727272727272
SESAME,-0.8539731940013396,0.7636363636363637
SESAME,-0.8539731940013396,0.76
SESAME,-0.8130936018265209,0.7563636363636363
SESAME,-0.8130936018265209,0.7527272727272727
SESAME,-0.8130936018265209,0.7490909090909091
SESAME,-0.8130936018265209,0.7454545454545455
SESAME,-0.8130936018265209,0.7418181818181818
SESAME,-0.8130936018265209,0.7381818181818182
SESAME,-0.8130936018265209,0.7345454545454545
SESAME,-0.8130936018265209,0.730909090909091
SESAME,-0.8130936018265209,0.7272727272727273
SESAME,-0.8130936018265209,0.7236363636363636
SESAME,-0.8130936018265209,0.72
SESAME,-0.8130936018265209,0.7163636363636363
SESAME,-0.7722140096517021,0.7127272727272728
SESAME,-0.7722140096517021,0.7090909090909091
SESAME,-0.7722140096517021,0.7054545454545454
SESAME,-0.7722140096517021,0.7018181818181818
SESAME,-0.7517742135642927,0.6981818181818182
SESAME,-0.7313344174768833,0.6945454545454546
SESAME,-0.7313344174768833,0.6909090909090909
SESAME,-0.7313344174768833,0.6872727272727273
SESAME,-0.710894621389474,0.6836363636363636
SESAME,-0.710894621389474,0.68
SESAME,-0.710894621389474,0.6763636363636364
SESAME,-0.710894621389474,0.6727272727272727
SESAME,-0.7010835192675176,0.6690909090909091
SESAME,-0.6495752331272459,0.6654545454545454
SESAME,-0.6495752331272459,0.6618181818181819
SESAME,-0.6495752331272459,0.6581818181818182
SESAME,-0.6495752331272459,0.6545454545454545
SESAME,-0.6495752331272459,0.6509090909090909
SESAME,-0.6495752331272459,0.6472727272727272
SESAME,-0.6495752331272459,0.6436363636363637
SESAME,-0.6495752331272459,0.64
SESAME,-0.6495752331272459,0.6363636363636364
SESAME,-0.6495752331272459,0.6327272727272727
SESAME,-0.608695640952427,0.6290909090909091
SESAME,-0.5882558448650177,0.6254545454545455
SESAME,-0.5882558448650177,0.6218181818181818
SESAME,-0.5678160487776083,0.6181818181818182
SESAME,-0.5473762526901989,0.6145454545454545
SESAME,-0.5269364566027895,0.610909090909091
SESAME,-0.5269364566027895,0.6072727272727273
SESAME,-0.48605686442797075,0.6036363636363636
SESAME,-0.48605686442797075,0.6
SESAME,-0.40429768007833317,0.5963636363636363
SESAME,-0.40429768007833317,0.5927272727272728
SESAME,-0.40429768007833317,0.5890909090909091
SESAME,-0.40429768007833317,0.5854545454545454
SESAME,-0.40429768007833317,0.5818181818181818
SESAME,-0.40429768007833317,0.5781818181818181
SESAME,-0.40429768007833317,0.5745454545454546
SESAME,-0.40429768007833317,0.5709090909090909
SESAME,-0.40429768007833317,0.5672727272727273
SESAME,-0.40429768007833317,0.5636363636363636
SESAME,-0.40429768007833317,0.56
SESAME,-0.40429768007833317,0.5563636363636364
SESAME,-0.34297829181610506,0.5527272727272727
SESAME,-0.32253849572869564,0.5490909090909091
SESAME,-0.32253849572869564,0.5454545454545454
SESAME,-0.32253849572869564,0.5418181818181819
SESAME,-0.3020986996412863,0.5381818181818182
SESAME,-0.3020986996412863,0.5345454545454545
SESAME,-0.2816589035538769,0.5309090909090909
SESAME,-0.2816589035538769,0.5272727272727272
SESAME,-0.2816589035538769,0.5236363636363637
SESAME,-0.2816589035538769,0.52
SESAME,-0.2816589035538769,0.5163636363636364
SESAME,-0.2816589035538769,0.5127272727272727
SESAME,-0.24077931137905811,0.509090909090909
SESAME,-0.24077931137905811,0.5054545454545455
SESAME,-0.1590201270294206,0.5018181818181818
SESAME,-0.1590201270294206,0.49818181818181817
SESAME,-0.1590201270294206,0.49454545454545457
SESAME,-0.1590201270294206,0.4909090909090909
SESAME,-0.1590201270294206,0.48727272727272725
SESAME,-0.1590201270294206,0.48363636363636364
SESAME,-0.1590201270294206,0.48
SESAME,-0.1590201270294206,0.4763636363636364
SESAME,-0.1590201270294206,0.4727272727272727
SESAME,-0.1590201270294206,0.4690909090909091
SESAME,-0.1590201270294206,0.46545454545454545
SESAME,-0.1590201270294206,0.4618181818181818
SESAME,-0.1590201270294206,0.4581818181818182
SESAME,-0.07726094267978303,0.45454545454545453
SESAME,0.0044982416698544974,0.4509090909090909
SESAME,0.0044982416698544974,0.44727272727272727
SESAME,0.0044982416698544974,0.44363636363636366
SESAME,0.0044982416698544974,0.44
SESAME,0.08625742601949203,0.43636363636363634
SESAME,0.08625742601949203,0.43272727272727274
SESAME,0.08625742601949203,0.4290909090909091
SESAME,0.08625742601949203,0.4254545454545455
SESAME,0.08625742601949203,0.4218181818181818
SESAME,0.08625742601949203,0.41818181818181815
SESAME,0.08625742601949203,0.41454545454545455
SESAME,0.08625742601949203,0.4109090909090909
SESAME,0.08625742601949203,0.4072727272727273
SESAME,0.08625742601949203,0.4036363636363636
SESAME,0.08625742601949203,0.4
SESAME,0.08625742601949203,0.39636363636363636
SESAME,0.08625742601949203,0.3927272727272727
SESAME,0.10669722210690143,0.3890909090909091
SESAME,0.1271370181943108,0.38545454545454544
SESAME,0.20889620254394833,0.38181818181818183
SESAME,0.20889620254394833,0.3781818181818182
SESAME,0.20889620254394833,0.37454545454545457
SESAME,0.20889620254394833,0.3709090909090909
SESAME,0.20889620254394833,0.36727272727272725
SESAME,0.20889620254394833,0.36363636363636365
SESAME,0.3315349790684046,0.36
SESAME,0.3315349790684046,0.3563636363636364
SESAME,0.3315349790684046,0.3527272727272727
SESAME,0.3315349790684046,0.3490909090909091
SESAME,0.3315349790684046,0.34545454545454546
SESAME,0.3315349790684046,0.3418181818181818
SESAME,0.3315349790684046,0.3381818181818182
SESAME,0.3315349790684046,0.33454545454545453
SESAME,0.3315349790684046,0.33090909090909093
SESAME,0.3315349790684046,0.32727272727272727
SESAME,0.3315349790684046,0.3236363636363636
SESAME,0.3315349790684046,0.32
SESAME,0.3315349790684046,0.31636363636363635
SESAME,0.3315349790684046,0.31272727272727274
SESAME,0.3315349790684046,0.3090909090909091
SESAME,0.3315349790684046,0.3054545454545455
SESAME,0.3315349790684046,0.3018181818181818
SESAME,0.3315349790684046,0.29818181818181816
SESAME,0.3315349790684046,0.29454545454545455
SESAME,0.3315349790684046,0.2909090909090909
SESAME,0.3315349790684046,0.2872727272727273
SESAME,0.4132941634180422,0.28363636363636363
SESAME,0.4132941634180422,0.28
SESAME,0.4132941634180422,0.27636363636363637
SESAME,0.4132941634180422,0.2727272727272727
SESAME,0.49505334776767973,0.2690909090909091
SESAME,0.49505334776767973,0.26545454545454544
SESAME,0.49505334776767973,0.26181818181818184
SESAME,0.49505334776767973,0.2581818181818182
SESAME,0.5768125321173173,0.2545454545454545
SESAME,0.5768125321173173,0.2509090909090909
SESAME,0.5768125321173173,0.24727272727272728
SESAME,0.5768125321173173,0.24363636363636362
SESAME,0.5768125321173173,0.24
SESAME,0.5768125321173173,0.23636363636363636
SESAME,0.5768125321173173,0.23272727272727273
SESAME,0.8220900851662298,0.2290909090909091
SESAME,0.8220900851662298,0.22545454545454546
SESAME,0.8220900851662298,0.22181818181818183
SESAME,0.8220900851662298,0.21818181818181817
SESAME,0.8220900851662298,0.21454545454545454
SESAME,0.8220900851662298,0.2109090909090909
SESAME,0.8220900851662298,0.20727272727272728
SESAME,0.8220900851662298,0.20363636363636364
SESAME,0.8220900851662298,0.2
SESAME,0.8220900851662298,0.19636363636363635
SESAME,0.8220900851662298,0.19272727272727272
SESAME,0.8220900851662298,0.1890909090909091
SESAME,0.8220900851662298,0.18545454545454546
SESAME,0.8220900851662298,0.18181818181818182
SESAME,0.8220900851662298,0.1781818181818182
SESAME,0.8220900851662298,0.17454545454545456
SESAME,0.985608453865505,0.1709090909090909
SESAME,1.0673676382151425,0.16727272727272727
SESAME,1.0673676382151425,0.16363636363636364
SESAME,1.0673676382151425,0.16
SESAME,1.0673676382151425,0.15636363636363637
SESAME,1.0673676382151425,0.15272727272727274
SESAME,1.0673676382151425,0.14909090909090908
SESAME,1.312645191264055,0.14545454545454545
SESAME,1.312645191264055,0.14181818181818182
SESAME,1.312645191264055,0.13818181818181818
SESAME,1.312645191264055,0.13454545454545455
SESAME,1.312645191264055,0.13090909090909092
SESAME,1.312645191264055,0.12727272727272726
SESAME,1.312645191264055,0.12363636363636364
SESAME,1.312645191264055,0.12
SESAME,1.312645191264055,0.11636363636363636
SESAME,1.312645191264055,0.11272727272727273
SESAME,1.312645191264055,0.10909090909090909
SESAME,1.312645191264055,0.10545454545454545
SESAME,1.312645191264055,0.10181818181818182
SESAME,1.312645191264055,0.09818181818181818
SESAME,1.312645191264055,0.09454545454545454
SESAME,1.312645191264055,0.09090909090909091
SESAME,1.312645191264055,0.08727272727272728
SESAME,1.5579227443129677,0.08363636363636363
SESAME,1.5579227443129677,0.08
SESAME,1.5579227443129677,0.07636363636363637
SESAME,1.5579227443129677,0.07272727272727272
SESAME,1.5579227443129677,0.06909090909090909
SESAME,1.680561520837424,0.06545454545454546
SESAME,1.8032002973618804,0.06181818181818182
SESAME,1.8032002973618804,0.05818181818181818
SESAME,1.8032002973618804,0.05454545454545454
SESAME,1.8032002973618804,0.05090909090909091
SESAME,1.8032002973618804,0.04727272727272727
SESAME,1.8032002973618804,0.04363636363636364
SESAME,1.8032002973618804,0.04
SESAME,1.8032002973618804,0.03636363636363636
SESAME,1.8032002973618804,0.03272727272727273
SESAME,1.8032002973618804,0.02909090909090909
SESAME,1.9667186660611553,0.025454545454545455
SESAME,2.048477850410793,0.02181818181818182
SESAME,2.048477850410793,0.01818181818181818
SESAME,3.7654207217531814,0.014545454545454545
SESAME,3.7654207217531814,0.01090909090909091
SESAME,4.255975827851007,0.007272727272727273
SESAME,4.255975827851007,0.0036363636363636364
WOOL 0.5 kg p. Shekel,-1.5742884093629306,1.0
WOOL 0.5 kg p. Shekel,-1.454852390543972,0.9948453608247423
WOOL 0.5 kg p. Shekel,-1.454852390543972,0.9896907216494846
WOOL 0.5 kg p. Shekel,-1.454852390543972,0.9845360824742269
WOOL 0.5 kg p. Shekel,-1.454852390543972,0.979381443298969
WOOL 0.5 kg p. Shekel,-1.454852390543972,0.9742268041237113
WOOL 0.5 kg p. Shekel,-1.454852390543972,0.9690721649484536
WOOL 0.5 kg p. Shekel,-1.454852390543972,0.9639175257731959
WOOL 0.5 kg p. Shekel,-1.454852390543972,0.9587628865979382
WOOL 0.5 kg p. Shekel,-1.454852390543972,0.9536082474226805
WOOL 0.5 kg p. Shekel,-1.454852390543972,0.9484536082474226
WOOL 0.5 kg p. Shekel,-1.454852390543972,0.9432989690721649
WOOL 0.5 kg p. Shekel,-1.454852390543972,0.9381443298969072
WOOL 0.5 kg p. Shekel,-1.454852390543972,0.9329896907216495
WOOL 0.5 kg p. Shekel,-1.3986472052174033,0.9278350515463918
WOOL 0.5 kg p. Shekel,-1.2230060010718762,0.9226804123711341
WOOL 0.5 kg p. Shekel,-1.2230060010718762,0.9175257731958762
WOOL 0.5 kg p. Shekel,-1.2230060010718762,0.9123711340206185
WOOL 0.5 kg p. Shekel,-1.2230060010718762,0.9072164948453608
WOOL 0.5 kg p. Shekel,-1.2230060010718762,0.9020618556701031
WOOL 0.5 kg p. Shekel,-1.2230060010718762,0.8969072164948454
WOOL 0.5 kg p. Shekel,-1.2230060010718762,0.8917525773195877
WOOL 0.5 kg p. Shekel,-1.2230060010718762,0.8865979381443299
WOOL 0.5 kg p. Shekel,-1.2230060010718762,0.8814432989690721
WOOL 0.5 kg p. Shekel,-1.2230060010718762,0.8762886597938144
WOOL 0.5 kg p. Shekel,-1.2230060010718762,0.8711340206185567
WOOL 0.5 kg p. Shekel,-1.2230060010718762,0.865979381443299
WOOL 0.5 kg p. Shekel,-1.2230060010718762,0.8608247422680413
WOOL 0.5 kg p. Shekel,-1.2230060010718762,0.8556701030927835
WOOL 0.5 kg p. Shekel,-1.2230060010718762,0.8505154639175257
WOOL 0.5 kg p. Shekel,-1.2230060010718762,0.845360824742268
WOOL 0.5 kg p. Shekel,-1.2230060010718762,0.8402061855670103
WOOL 0.5 kg p. Shekel,-1.2230060010718762,0.8350515463917526
WOOL 0.5 kg p. Shekel,-1.2230060010718762,0.8298969072164949
WOOL 0.5 kg p. Shekel,-1.2230060010718762,0.8247422680412371
WOOL 0.5 kg p. Shekel,-1.2230060010718762,0.8195876288659794
WOOL 0.5 kg p. Shekel,-1.0473647969263489,0.8144329896907216
WOOL 0.5 kg p. Shekel,-0.8717235927808218,0.8092783505154639
WOOL 0.5 kg p. Shekel,-0.8717235927808218,0.8041237113402062
WOOL 0.5 kg p. Shekel,-0.8717235927808218,0.7989690721649485
WOOL 0.5 kg p. Shekel,-0.8717235927808218,0.7938144329896907
WOOL 0.5 kg p. Shekel,-0.8717235927808218,0.788659793814433
WOOL 0.5 kg p. Shekel,-0.8717235927808218,0.7835051546391752
WOOL 0.5 kg p. Shekel,-0.8717235927808218,0.7783505154639175
WOOL 0.5 kg p. Shekel,-0.8717235927808218,0.7731958762886598
WOOL 0.5 kg p. Shekel,-0.8717235927808218,0.7680412371134021
WOOL 0.5 kg p. Shekel,-0.8717235927808218,0.7628865979381443
WOOL 0.5 kg p. Shekel,-0.8717235927808218,0.7577319587628866
WOOL 0.5 kg p. Shekel,-0.8717235927808218,0.7525773195876289
WOOL 0.5 kg p. Shekel,-0.8717235927808218,0.7474226804123711
WOOL 0.5 kg p. Shekel,-0.7522875739618633,0.7422680412371134
WOOL 0.5 kg p. Shekel,-0.6960823886352946,0.7371134020618557
WOOL 0.5 kg p. Shekel,-0.6960823886352946,0.7319587628865979
WOOL 0.5 kg p. Shekel,-0.6960823886352946,0.7268041237113402
WOOL 0.5 kg p. Shekel,-0.6960823886352946,0.7216494845360825
WOOL 0.5 kg p. Shekel,-0.5204411844897674,0.7164948453608248
WOOL 0.5 kg p. Shekel,-0.5204411844897674,0.711340206185567
WOOL 0.5 kg p. Shekel,-0.5204411844897674,0.7061855670103093
WOOL 0.5 kg p. Shekel,-0.5204411844897674,0.7010309278350515
WOOL 0.5 kg p. Shekel,-0.5204411844897674,0.6958762886597938
WOOL 0.5 kg p. Shekel,-0.5204411844897674,0.6907216494845361
WOOL 0.5 kg p. Shekel,-0.5204411844897674,0.6855670103092784
WOOL 0.5 kg p. Shekel,-0.5204411844897674,0.6804123711340206
WOOL 0.5 kg p. Shekel,-0.5204411844897674,0.6752577319587629
WOOL 0.5 kg p. Shekel,-0.5204411844897674,0.6701030927835051
WOOL 0.5 kg p. Shekel,-0.5204411844897674,0.6649484536082474
WOOL 0.5 kg p. Shekel,-0.5204411844897674,0.6597938144329897
WOOL 0.5 kg p. Shekel,-0.5204411844897674,0.654639175257732
WOOL 0.5 kg p. Shekel,-0.5204411844897674,0.6494845360824743
WOOL 0.5 kg p. Shekel,-0.5204411844897674,0.6443298969072165
WOOL 0.5 kg p. Shekel,-0.5204411844897674,0.6391752577319587
WOOL 0.5 kg p. Shekel,-0.5204411844897674,0.634020618556701
WOOL 0.5 kg p. Shekel,-0.5204411844897674,0.6288659793814433
WOOL 0.5 kg p. Shekel,-0.5204411844897674,0.6237113402061856
WOOL 0.5 kg p. Shekel,-0.5204411844897674,0.6185567010309279
WOOL 0.5 kg p. Shekel,-0.5204411844897674,0.6134020618556701
WOOL 0.5 kg p. Shekel,-0.5204411844897674,0.6082474226804123
WOOL 0.5 kg p. Shekel,-0.5204411844897674,0.6030927835051546
WOOL 0.5 kg p. Shekel,-0.5204411844897674,0.5979381443298969
WOOL 0.5 kg p. Shekel,-0.5204411844897674,0.5927835051546392
WOOL 0.5 kg p. Shekel,-0.5204411844897674,0.5876288659793815
WOOL 0.5 kg p. Shekel,-0.3447999803442402,0.5824742268041238
WOOL 0.5 kg p. Shekel,-0.3447999803442402,0.5773195876288659
WOOL 0.5 kg p. Shekel,-0.2885947950176715,0.5721649484536082
WOOL 0.5 kg p. Shekel,-0.16915877619871303,0.5670103092783505
WOOL 0.5 kg p. Shekel,-0.16915877619871303,0.5618556701030928
WOOL 0.5 kg p. Shekel,-0.16915877619871303,0.5567010309278351
WOOL 0.5 kg p. Shekel,-0.16915877619871303,0.5515463917525774
WOOL 0.5 kg p. Shekel,-0.16915877619871303,0.5463917525773195
WOOL 0.5 kg p. Shekel,-0.16915877619871303,0.5412371134020618
WOOL 0.5 kg p. Shekel,-0.16915877619871303,0.5360824742268041
WOOL 0.5 kg p. Shekel,-0.16915877619871303,0.5309278350515464
WOOL 0.5 kg p. Shekel,-0.16915877619871303,0.5257731958762887
WOOL 0.5 kg p. Shekel,-0.16915877619871303,0.520618556701031
WOOL 0.5 kg p. Shekel,-0.16915877619871303,0.5154639175257731
WOOL 0.5 kg p. Shekel,-0.16915877619871303,0.5103092783505154
WOOL 0.5 kg p. Shekel,-0.16915877619871303,0.5051546391752577
WOOL 0.5 kg p. Shekel,-0.16915877619871303,0.5
WOOL 0.5 kg p. Shekel,-0.16915877619871303,0.4948453608247423
WOOL 0.5 kg p. Shekel,-0.16915877619871303,0.4896907216494845
WOOL 0.5 kg p. Shekel,-0.16915877619871303,0.4845360824742268
WOOL 0.5 kg p. Shekel,-0.16915877619871303,0.4793814432989691
WOOL 0.5 kg p. Shekel,-0.16915877619871303,0.4742268041237113
WOOL 0.5 kg p. Shekel,0.18212363209234134,0.4690721649484536
WOOL 0.5 kg p. Shekel,0.18212363209234134,0.4639175257731959
WOOL 0.5 kg p. Shekel,0.18212363209234134,0.4587628865979381
WOOL 0.5 kg p. Shekel,0.18212363209234134,0.4536082474226804
WOOL 0.5 kg p. Shekel,0.18212363209234134,0.4484536082474227
WOOL 0.5 kg p. Shekel,0.18212363209234134,0.44329896907216493
WOOL 0.5 kg p. Shekel,0.18212363209234134,0.4381443298969072
WOOL 0.5 kg p. Shekel,0.18212363209234134,0.4329896907216495
WOOL 0.5 kg p. Shekel,0.18212363209234134,0.42783505154639173
WOOL 0.5 kg p. Shekel,0.18212363209234134,0.422680412371134
WOOL 0.5 kg p. Shekel,0.18212363209234134,0.4175257731958763
WOOL 0.5 kg p. Shekel,0.18212363209234134,0.41237113402061853
WOOL 0.5 kg p. Shekel,0.18212363209234134,0.4072164948453608
WOOL 0.5 kg p. Shekel,0.18212363209234134,0.4020618556701031
WOOL 0.5 kg p. Shekel,0.18212363209234134,0.39690721649484534
WOOL 0.5 kg p. Shekel,0.18212363209234134,0.3917525773195876
WOOL 0.5 kg p. Shekel,0.18212363209234134,0.3865979381443299
WOOL 0.5 kg p. Shekel,0.18212363209234134,0.38144329896907214
WOOL 0.5 kg p. Shekel,0.18212363209234134,0.37628865979381443
WOOL 0.5 kg p. Shekel,0.18212363209234134,0.3711340206185567
WOOL 0.5 kg p. Shekel,0.18212363209234134,0.36597938144329895
WOOL 0.5 kg p. Shekel,0.18212363209234134,0.36082474226804123
WOOL 0.5 kg p. Shekel,0.5334060403833957,0.3556701030927835
WOOL 0.5 kg p. Shekel,0.5334060403833957,0.35051546391752575
WOOL 0.5 kg p. Shekel,0.5334060403833957,0.34536082474226804
WOOL 0.5 kg p. Shekel,0.5334060403833957,0.3402061855670103
WOOL 0.5 kg p. Shekel,0.5334060403833957,0.33505154639175255
WOOL 0.5 kg p. Shekel,0.5334060403833957,0.32989690721649484
WOOL 0.5 kg p. Shekel,0.5334060403833957,0.3247422680412371
WOOL 0.5 kg p. Shekel,0.5334060403833957,0.31958762886597936
WOOL 0.5 kg p. Shekel,0.5334060403833957,0.31443298969072164
WOOL 0.5 kg p. Shekel,0.5334060403833957,0.30927835051546393
WOOL 0.5 kg p. Shekel,0.5334060403833957,0.30412371134020616
WOOL 0.5 kg p. Shekel,0.5334060403833957,0.29896907216494845
WOOL 0.5 kg p. Shekel,0.5334060403833957,0.29381443298969073
WOOL 0.5 kg p. Shekel,0.5334060403833957,0.28865979381443296
WOOL 0.5 kg p. Shekel,0.8846884486744501,0.28350515463917525
WOOL 0.5 kg p. Shekel,0.8846884486744501,0.27835051546391754
WOOL 0.5 kg p. Shekel,0.8846884486744501,0.27319587628865977
WOOL 0.5 kg p. Shekel,0.8846884486744501,0.26804123711340205
WOOL 0.5 kg p. Shekel,0.8846884486744501,0.26288659793814434
WOOL 0.5 kg p. Shekel,0.8846884486744501,0.25773195876288657
WOOL 0.5 kg p. Shekel,0.8846884486744501,0.25257731958762886
WOOL 0.5 kg p. Shekel,0.8846884486744501,0.24742268041237114
WOOL 0.5 kg p. Shekel,0.8846884486744501,0.2422680412371134
WOOL 0.5 kg p. Shekel,0.8846884486744501,0.23711340206185566
WOOL 0.5 kg p. Shekel,0.8846884486744501,0.23195876288659795
WOOL 0.5 kg p. Shekel,0.8846884486744501,0.2268041237113402
WOOL 0.5 kg p. Shekel,0.8846884486744501,0.22164948453608246
WOOL 0.5 kg p. Shekel,0.8846884486744501,0.21649484536082475
WOOL 0.5 kg p. Shekel,0.8846884486744501,0.211340206185567
WOOL 0.5 kg p. Shekel,0.8846884486744501,0.20618556701030927
WOOL 0.5 kg p. Shekel,0.8846884486744501,0.20103092783505155
WOOL 0.5 kg p. Shekel,0.8846884486744501,0.1958762886597938
WOOL 0.5 kg p. Shekel,0.8846884486744501,0.19072164948453607
WOOL 0.5 kg p. Shekel,0.8846884486744501,0.18556701030927836
WOOL 0.5 kg p. Shekel,0.8846884486744501,0.18041237113402062
WOOL 0.5 kg p. Shekel,0.8846884486744501,0.17525773195876287
WOOL 0.5 kg p. Shekel,0.8846884486744501,0.17010309278350516
WOOL 0.5 kg p. Shekel,0.8846884486744501,0.16494845360824742
WOOL 0.5 kg p. Shekel,0.8846884486744501,0.15979381443298968
WOOL 0.5 kg p. Shekel,0.8846884486744501,0.15463917525773196
WOOL 0.5 kg p. Shekel,0.8846884486744501,0.14948453608247422
WOOL 0.5 kg p. Shekel,0.8846884486744501,0.14432989690721648
WOOL 0.5 kg p. Shekel,0.8846884486744501,0.13917525773195877
WOOL 0.5 kg p. Shekel,1.2359708569655046,0.13402061855670103
WOOL 0.5 kg p. Shekel,1.2359708569655046,0.12886597938144329
WOOL 0.5 kg p. Shekel,1.2359708569655046,0.12371134020618557
WOOL 0.5 kg p. Shekel,1.2359708569655046,0.11855670103092783
WOOL 0.5 kg p. Shekel,1.5872532652565587,0.1134020618556701
WOOL 0.5 kg p. Shekel,1.5872532652565587,0.10824742268041238
WOOL 0.5 kg p. Shekel,1.5872532652565587,0.10309278350515463
WOOL 0.5 kg p. Shekel,1.5872532652565587,0.0979381443298969
WOOL 0.5 kg p. Shekel,1.5872532652565587,0.09278350515463918
WOOL 0.5 kg p. Shekel,1.5872532652565587,0.08762886597938144
WOOL 0.5 kg p. Shekel,1.5872532652565587,0.08247422680412371
WOOL 0.5 kg p. Shekel,1.5872532652565587,0.07731958762886598
WOOL 0.5 kg p. Shekel,1.5872532652565587,0.07216494845360824
WOOL 0.5 kg p. Shekel,1.5872532652565587,0.06701030927835051
WOOL 0.5 kg p. Shekel,1.5872532652565587,0.061855670103092786
WOOL 0.5 kg p. Shekel,1.5872532652565587,0.05670103092783505
WOOL 0.5 kg p. Shekel,1.5872532652565587,0.05154639175257732
WOOL 0.5 kg p. Shekel,1.5872532652565587,0.04639175257731959
WOOL 0.5 kg p. Shekel,1.5872532652565587,0.041237113402061855
WOOL 0.5 kg p. Shekel,1.5872532652565587,0.03608247422680412
WOOL 0.5 kg p. Shekel,1.5872532652565587,0.030927835051546393
WOOL 0.5 kg p. Shekel,1.5872532652565587,0.02577319587628866
WOOL 0.5 kg p. Shekel,2.2898180818386678,0.020618556701030927
WOOL 0.5 kg p. Shekel,2.2898180818386678,0.015463917525773196
WOOL 0.5 kg p. Shekel,2.2898180818386678,0.010309278350515464
WOOL 0.5 kg p. Shekel,3.6949477150028853,0.005154639175257732
